lead_id,corpus_no,case_name,state,locality,event_type,event_date,outcome_latest,outcome_as_of,source_url,source_type,fetch_result,receipt_quote,verdict,corrections,meets_inclusion_rule,notes
L001,,"La Osa (Vermaland) data center, Pinal County",AZ,Pinal County (near Eloy),zoning denial,2026-05-27; 2026-08-26,Developer offered ~80% scale-back and got a continuance at the 2026-05-27 hearing; Board of Supervisors then rejected the rezoning 4-1 on 2026-08-26,2026-10-02,https://www.kjzz.org/fronteras-desk/2026-05-28/largest-proposed-data-center-in-arizona-to-be-scaled-back-80-after-opposition,NEWS,FETCHED_OK,"The Pinal County Board of Supervisors heard around 60 comments and fielded 50 emails, all in opposition of the project.",VERIFIED,"Notes say the project was 'cut by roughly 80% after' the Board heard comments: the cut was offered by the developer's attorney, who asked for a continuance; the Board made no decision that day. Notes are out of date: the Board rejected the project 4-1 on 2026-08-26.",Y,Hearing date 2026-05-27 is from the Al Jazeera row below.
L001,,"La Osa (Vermaland) data center, Pinal County",AZ,Pinal County (near Eloy),zoning denial,2026-05-27,,2026-10-02,https://www.aljazeera.com/economy/2026/6/27/with-water-cuts-looming-in-arizona-in-us-locals-fight-data-centres,NEWS,FETCHED_OK,Pinal County Supervisor Rich Vitiello said in a board of supervisors meeting on May 27.,VERIFIED,,Y,Confirms the hearing date (May 27).
L001,,"La Osa (Vermaland) data center, Pinal County",AZ,Pinal County (near Eloy),zoning denial,2026-08-26,Rezoning rejected 4-1,2026-10-02,https://www.kjzz.org/politics/2026-08-26/pinal-county-rejects-massive-la-osa-data-center-residents-want-more-rules-for-future-projects,NEWS,FETCHED_OK,The supervisors voted 4-1 to reject La Osa’s rezoning request and plans for development.,VERIFIED,,Y,Latest status. KOLD/AZFamily (https://www.kold.com/2026/08/27/pinal-county-board-rejects-massive-data-center-project/) also fetched and reports the 4-1 vote.
L002,,"Arizona AG Kris Mayes calls for statewide pause on new data centers (Menlo Digital, Ahwatukee)",AZ,statewide; Ahwatukee (Phoenix),state policy,2026-08-31,Gov. Hobbs said she opposes a statewide moratorium (KJZZ 2026-09-03; AZFamily 2026-09-09); AG town hall on Menlo Digital set for Oct 14,2026-10-02,https://www.azag.gov/press-release/attorney-general-mayes-calls-statewide-pause-data-centers-announces-town-hall,OFFICIAL_RECORD,FETCHED_OK,Attorney General Mayes will hold a town hall in Ahwatukee on October 14th to hear from concerned community members about Menlo Digital’s planned hyperscale data center project.,VERIFIED,"Missing URL now recorded. Hobbs's rejection was first reported 2026-09-03 (KJZZ), not ~09-09.",Y,"This is a statewide policy call, not a single-site dispute; it is tied to the Menlo Digital site. PI should confirm it fits. Press release dated August 31, 2026."
L002,,"Arizona AG Kris Mayes calls for statewide pause on new data centers (Menlo Digital, Ahwatukee)",AZ,statewide,state policy,2026-09-03,Governor opposes statewide moratorium,2026-10-02,https://www.kjzz.org/politics/2026-09-03/gov-hobbs-wont-pause-arizona-data-center-development-despite-calls-to-do-so,NEWS,FETCHED_OK,“I don't think a statewide moratorium is the answer.,VERIFIED,,Y,Also fetched: https://www.azfamily.com/2026/09/09/arizona-governor-rejects-data-center-moratorium-call-debate-escalates/ ('Katie Hobbs said Tuesday that she opposes a statewide moratorium.').
L003,,Arizona 3-year pause on state data-center tax exemptions (FY2026 budget),AZ,statewide,state policy,2026-06-09,Budget deal announced 2026-06-09; budget took effect July 1; pause covers new applications and renewals,2026-10-02,https://www.azfamily.com/2026/06/10/arizona-budget-deal-includes-3-year-pause-data-center-tax-exemptions/,NEWS,FETCHED_OK,The two sides agreed on a three-year pause on tax exemptions for new data centers.,VERIFIED,"Notes had no URL. A search summary said Hobbs signed it on June 15, 2026; I did not confirm the signing date from a fetched page.",N,"Tax-incentive policy, not a siting dispute. Also fetched ABC15 (https://www.abc15.com/why-arizona-has-frozen-state-tax-breaks-for-data-centers-for-three-years): 'The moratorium is included in the new state budget, which took effect July 1.' PI may override."
L013,,Coweta County 'Project Sail' (Atlas Development/Prologis) rezoning + residents' Superior Court appeal,GA,Coweta County,litigation,2026-04-07; 2026-05-05,Rezoned 3-2 on 2026-04-07; residents filed a Petition for Review/Appeal in Coweta County Superior Court 2026-05-05; no ruling found as of 2026-10-02,2026-10-02,https://www.ajc.com/business/2026/04/coweta-votes-to-turn-this-800-acre-forest-into-17b-data-center-campus/,NEWS,FETCHED_OK,"The 3-2 vote highlighted the controversy surrounding the proposal called “Project Sail,”",VERIFIED,,Y,"AJC dated April 8, 2026; the vote was 'Tuesday' (April 7). Fox5 also cites the April 7 meeting."
L013,,Coweta County 'Project Sail' rezoning + residents' Superior Court appeal,GA,Coweta County,litigation,2026-05-05,Pending,2026-10-02,https://thecitizen.com/2026/05/11/coweta-residents-sue-to-block-project-sail-data-center/,NEWS,FETCHED_OK,"The petition, filed May 5 in Coweta County Superior Court against Coweta County and Atlas Development LLC, asks a judge to void the rezoning of approximately 829 acres near Sargent Road and Wagers Mill Road from Rural Conservation to Industrial zoning.",VERIFIED,Plaintiff count still varies: CBS says seventeen; a WSB search summary says 19 / 'nearly 20'. No case number appears in any fetched source.,Y,"Plaintiffs named include Paula and Ronald Bockrath. Also fetched: CBS Atlanta (May 7), Times-Herald (May 9, https://www.times-herald.com/data_center/coweta-residents-file-appeal-to-reverse-project-sail-zoning-decision/article_819c2d7f-7539-4562-84d7-19026b64a832.html)."
L014,,"Coweta County 'Project Peach' (Palmetto, Johnson Circle) rezoning",GA,Coweta County (Palmetto),approval despite opposition,2025-04 (Tuesday before 2025-04-16),Rezoned 3-2 in April 2025 over opposition incl. Palmetto mayor; Oct 2025 the board gave the developer a 12-month extension to get a Georgia Power purchase agreement; no separate court appeal found,2026-10-02,https://www.govtech.com/products/second-atlanta-area-government-hits-pause-on-data-centers,NEWS,FETCHED_OK,Coweta’s pause comes weeks after the board in a 3-2 vote approved a rezoning request for a $1 billion data center campus called Project Peach.,VERIFIED,"MAJOR: The rezoning was April 2025, not April 2026. The Times-Herald 2026-06-02 roundup says 'April 2026', but it also says the Oct 2025 extension happened, and the GovTech/AJC (May 8, 2025) and WABE (May 15, 2025) reports confirm 2025. No source found for a separate Project Peach Superior Court appeal filed 2026-05-05. The Times-Herald roundup ties the May 5 appeal to Project Sail only, so the 08-25 'two separate suits' resolution looks unsupported. Address: sources say Johnston Circle (GovTech) and 300 Johnson Circle (Times-Herald).",Y,"Meets the rule as a 2025 contested rezoning, not as a litigation case. Recode event_type."
L014,,Coweta County 'Project Peach' rezoning,GA,Coweta County (Palmetto),approval despite opposition,2025-04,,2026-10-02,https://www.times-herald.com/data_center/where-cowetas-five-proposed-data-centers-stand/article_55ee204a-0e00-43e4-9ad1-78c92b679d06.html,NEWS,FETCHED_OK,"In October 2025, the Board of Commissioners granted Project Peach's developers a 12-month extension to obtain a power purchase agreement from Georgia Power.",PARTIALLY_VERIFIED,"This page dates the Peach rezoning to 'April 2026', which conflicts with 2025 sources and with its own Oct 2025 extension sentence.",Y,Treat this page's Peach date as an error.
L015,,Coweta County 'Project Oak' rezoning denied,GA,Coweta County (Walt Sanders Road),zoning denial,,"Rezoning unanimously denied (Times-Herald, 2026-08-25)",2026-10-02,https://www.times-herald.com/news/project-oak-data-center-denied-by-commissioners/article_76db6b0a-615b-48e6-aacd-5042bdd0f401.html,NEWS,FETCHED_OK,The rezoning application for the Project Oak data center was unanimously denied by the Coweta County Board of Commissioners.,VERIFIED,,Y,"The meeting date is not stated in the fetched text; article dated Aug 25, 2026. '121 letters of opposition from 112 individuals' confirmed. Fisher rationale (The Citizen 09-01) not re-fetched."
L016,,Coweta County data center moratoria (May 2025; second one June 2026),GA,Coweta County,moratorium,2025-05-06; 2026-06-16,"First 180-day moratorium adopted unanimously in May 2025; a second 180-day moratorium to review the ordinance was approved unanimously at the Tuesday meeting before 2026-06-17 (i.e., 2026-06-16). The five pending projects are exempt (vested rights).",2026-10-02,https://www.times-herald.com/news/commissioners-approve-180-day-data-center-moratorium/article_29dd50b8-88fb-4424-98d9-9d87abfb4588.html,NEWS,FETCHED_OK,"Ultimately, the commissioners unanimously voted to approve the moratorium as written by the county attorney.",VERIFIED,"This Times-Herald URL is the SECOND moratorium (article Jun 17, 2026), not the May 2025 one the notes link it to. That resolves the 09-02 'August' mention: the 2026 moratorium was June, not August. The Dec 2025 4-1 ordinance vote was not checked.",Y,
L016,,Coweta County data center moratoria,GA,Coweta County,moratorium,2025-05-06,,2026-10-02,https://www.govtech.com/products/second-atlanta-area-government-hits-pause-on-data-centers,NEWS,FETCHED_OK,The Coweta County Board of Commissioners unanimously adopted a 180-day moratorium to evaluate its data center policies and zoning codes.,VERIFIED,"GovTech/AJC (May 8, 2025) says the Sail petition then had 1,750 signatures (the source of the old figure).",Y,"'on Tuesday' in a May 8, 2025 article = May 6, 2025."
L017,,Coweta County 'Project Pegasus' and 'Bridgeport' proposals,GA,Coweta County,other,,"Pegasus: DRI done Feb 2024, needs rezoning, no hearing scheduled; Bridgeport: DRI forms submitted April 2026 (as of 2026-06-02)",2026-10-02,https://www.times-herald.com/data_center/where-cowetas-five-proposed-data-centers-stand/article_55ee204a-0e00-43e4-9ad1-78c92b679d06.html,NEWS,FETCHED_OK,"A public hearing has not yet been scheduled, though the DRI lists an estimated project completion date of 2030.",VERIFIED,,N,Proposals only; no dispute documented.
L018,,Shadowbox Studios and Henrico 183 v. DeKalb County (developer suit against moratorium),GA,DeKalb County (3600 International Park Drive),litigation,2026-08-05; 2026-09-09,"Suit filed in DeKalb Superior Court Aug 5, 2026; Zoning Board of Appeals affirmed denial 2026-09-09; case pending",2026-10-02,https://www.atlantanewsfirst.com/2026/08/13/dekalb-county-sued-over-moratorium-new-data-centers/,NEWS,FETCHED_OK,"The lawsuit also says that the county’s moratorium on data centers, now more than a year old, has diminished the property’s value by $200 million.",VERIFIED,URLs were missing in the notes; now recorded. No case number found.,Y,Decaturish story republished by Atlanta News First. The filing date reads 'filed Aug. 5' (split across the page as 'Aug.' / '5 in DeKalb County Superior Court').
L018,,Shadowbox Studios and Henrico 183 v. DeKalb County,GA,DeKalb County,litigation,2026-09-09,ZBA affirmed denial,2026-10-02,https://www.atlantanewsfirst.com/2026/09/09/dekalb-county-board-affirms-denial-data-center-proposal/,NEWS,FETCHED_OK,"The DeKalb County Zoning Board of Appeals affirmed a denial for a movie studio to build a data center on its property Wednesday afternoon, putting the fate of the plan in the hands of the courts.",VERIFIED,,Y,
L019,,DeKalb County data center moratorium (permanent ordinance rejected; extended to 2027-03-30),GA,DeKalb County,moratorium,2025-07-08; 2026-06-23; 2026-07-07,"Moratorium since July 8, 2025 (4-3 vote); permanent regulations rejected unanimously 2026-06-23; extended 2026-07-07 to 2027-03-30, Ted Terry the only no vote",2026-10-02,https://www.appenmedia.com/dunwoody/dekalb-extends-data-center-moratorium-through-early-2027/article_77234ebb-6378-477d-9ac6-9d7809828c2c.html,NEWS,FETCHED_OK,"Commissioner Ted Terry, who cast the only no vote on the resolution, accused his colleagues of ""playing politics""",VERIFIED,"URLs were missing in the notes; now recorded. Original July 8, 2025 moratorium vote was 4-3 (Atlanta News First). A mid-June 2026 100-day extension also happened (WABE/Decaturish, June 24).",Y,Also fetched WABE https://www.wabe.org/?p=964504: 'the commission shot down the proposal in a unanimous vote.'
L020,,"Dougherty County moratorium on large-scale data centers (45-day, extended 180 days)",GA,Dougherty County,moratorium,2026-08-31,45-day pause extended 180 days; every commissioner voted yes; residents pushing for ordinances,2026-10-02,https://www.walb.com/2026/08/31/dougherty-county-extends-data-center-moratorium-another-180-days/,NEWS,FETCHED_OK,Every commissioner voted in favor of the extension.,VERIFIED,,Y,The resident quote shows the pause came after public pressure. The end date 2027-02-27 and the Municode resolution were not re-checked (dougherty.ga.us returned 403).
L020,,Dougherty County moratorium,GA,Dougherty County,moratorium,,,2026-10-02,https://www.dougherty.ga.us/Government/News,OFFICIAL_RECORD,BLOCKED,,UNVERIFIED,,Y,HTTP 403.
L021,,"Cherokee County moratorium (30-day, extended 180 days)",GA,Cherokee County,moratorium,2026-07-21; 2026-08-18,30-day moratorium approved unanimously 2026-07-21; extended by 180 days (unanimous) on the Tuesday before 2026-08-20; no pending data center applications,2026-10-02,https://www.wsbtv.com/news/local/cherokee-county/data-center-moratorium-more-than-doubled-after-metro-atlanta-commission-vote/AXUQYR3EQZCVFCYTB6JZCZ7VME/,NEWS,FETCHED_OK,The Cherokee County Board of Commissioners voted unanimously to extend their pause on applications to build data centers.,VERIFIED,,N,"Moratorium verified, but no contested site or opposition appears in fetched sources ('there are no pending applications'). Also fetched Atlanta News First 2026-07-22. PI may count moratoria as in scope."
L022,,"Walker County moratorium (30-day, extended 180 days to Feb 2027)",GA,Walker County,moratorium,2026-07-09; 2026-08-06,30-day moratorium 2026-07-09 after resident backlash; extended 180 days on 2026-08-06 (unincorporated areas only); study group to report by 2026-12-04,2026-10-02,https://www.local3news.com/local-news/update-walker-co-commissioners-consider-extension-of-data-centers-moratorium/article_f776be3a-1089-4068-ade1-781ea32a2ab9.html,NEWS,FETCHED_OK,"UPDATE: Walker County commissioners voted to extend its moratorium on data centers by 180 days on Thursday, August 6.",VERIFIED,,Y,Opposition: Local 3 (Jul 9): 'The original proposal of only 30-days sparked backlash from residents.' The county site URL (walkercountyga.gov/2026/07/10/...) returned 404.
L023,,"Hall County moratorium (data centers added, Feb 2026)",GA,Hall County,moratorium,2026-02-26,Board unanimously approved a 180-day moratorium extension adding data centers and detention centers (Thursday Feb. 26); followed resident pushback on 'Project Turbo' (2400 O'Kelly Rd) in 2025,2026-10-02,https://www.mainstreetnews.com/braselton/news/detention-centers-data-centers-added-to-hall-county-moratorium/article_ce876f58-0ec9-47f6-86ac-fe00c4fb2efd.html,NEWS,FETCHED_OK,"As for data centers, the BOC’s action comes after plans for a proposed South Hall data center drew considerable pushback from residents last year.",VERIFIED,"The notes say only 'debate reported'. It was actually adopted unanimously on Feb 26, 2026, as a data-center add-on to an existing high-density-residential moratorium.",Y,"WSB/Yahoo (Feb 25, 2026) also fetched; it describes the pending vote."
L024,,Statesboro rezoning for data center approved amid protest,GA,Statesboro,approval despite opposition,2026-08-18,"City Council approved the rezoning (26.5 acres, Burkhalter Rd, 4AM Development) when the mayor broke a tie; the mayor says it is not final approval",2026-10-02,https://wtoc.com/2026/08/19/statesboro-city-council-approves-rezoning-data-center-amid-protests,NEWS,FETCHED_OK,Mayor Jonathan McCollar broke a tied vote to approve the rezoning.,VERIFIED,"Vote was Tuesday, Aug 18, 2026 (WTOC published 12:18 AM Aug 19 and calls it 'Tuesday's vote'); notes give 08-19.",Y,Hundreds protested. Planning Commission had backed it 5-1 (WTOC 2026-08-04).
L025,,Gov. Abbott statewide data center audit / de facto approval freeze (PUCT/ERCOT),TX,statewide,state policy,2026-08-03,PUCT/ERCOT ordered to audit data centers seeking grid connection before any project moves forward; about 250-300 projects in first batch,2026-10-02,https://gov.texas.gov/news/post/governor-abbott-directs-comprehensive-data-center-audit,OFFICIAL_RECORD,FETCHED_OK,The PUCT and ERCOT must complete this audit before any data center project moves forward.,VERIFIED,ERCOT's 2026-12-10 completion date is not confirmed: the KERA 08-21 URL now redirects (301) to kera.org/news and has no Wayback copy.,Y,"Statewide policy, not a single-site dispute; PI should confirm it fits. The press release confirms the earlier June 10 directive. Texas Tribune 2026-08-03 and 2026-08-14 also fetched ('about 250 to 300 projects')."
L026,,Fort Worth 90-day data center moratorium process + Data Center & Infrastructure Committee,TX,Fort Worth,moratorium,2026-08-11,Council unanimously approved the first step toward a 90-day moratorium; application rules and the advisory committee each passed 10-1,2026-10-02,https://fortworthreport.org/2026/08/12/data-center-moratorium-takes-first-steps-after-fort-worth-city-councils-unanimous-vote/,NEWS,FETCHED_OK,"Following months of calls from the public, Fort Worth City Council unanimously approved the first move toward implementing a 90-day moratorium on the construction of data centers.",VERIFIED,"The body is a 'Committee' (Data Center & Infrastructure Committee), not a 'Commission'. Effective date ~2027-02-16 not confirmed.",Y,CBS Texas (Aug 11) also fetched: residents rallied; Black Mountain Energy project context.
L027,,San Marcos citywide data center prohibition,TX,San Marcos,zoning denial,2026-06-16,Council voted 4-3 to prohibit data centers in all zoning districts (after a 3-4 failure on 2026-04-21); followed a fight over the Highlander SM One proposal,2026-10-02,https://communityimpact.com/austin/san-marcos-buda-kyle/government/2026/06/17/san-marcos-council-votes-to-prohibit-data-centers-in-all-zoning-districts/,NEWS,FETCHED_OK,The amendment passed with four votes in favor and three dissenting.,VERIFIED,'Ordinance 2026-08' does not appear in any fetched source. Treat that number as unverified and leave it blank.,Y,Texas Tribune 2026-06-30 also fetched (Highlander SM One; Sen. Bettencourt threatens state action).
L028,,Hill County moratorium rescinded after RCM Hill LLC federal suit ('Project Aquila'),TX,Hill County,litigation,2026-05-12; 2026-05-27; 2026-06-04; 2026-07-09,"Moratorium 3-2 (May 12); RCM Hill sued in U.S. District Court, W.D. Tex. (May 27); county unanimously rescinded at a special meeting Thursday June 4 and adopted a checklist; RCM Hill filed a Stipulation of Dismissal with Prejudice July 9; county agreed to pay $100,000 in legal fees",2026-10-02,https://www.kwtx.com/2026/06/04/hill-county-commissioners-court-rescinds-moratorium-data-center-wake-lawsuit/,NEWS,FETCHED_OK,The Hill County Commissioners Court during a special meeting on Thursday unanimously voted to rescind a recently-approved data center moratorium.,VERIFIED,"RESCISSION DATE SETTLED: June 4, 2026. KWTX published 3:01 PM June 4 reporting the vote 'on Thursday', and June 4, 2026 is a Thursday. Route Fifty's June 5 date is a reprint of the Texas Tribune's June 5 story ('on Thursday'). '~June 10' is the K&L Gates publication date ('last week'). Also, the Texas Tribune says the suit was filed 'in federal court in Austin' while KWTX says Waco; both are in W.D. Tex. and the division is unconfirmed.",Y,
L028,,Hill County moratorium rescinded after RCM Hill suit,TX,Hill County,litigation,2026-07-09,Dismissed with prejudice,2026-10-02,https://www.kwtx.com/2026/07/15/hill-county-dropped-its-data-center-ban-after-100-million-lawsuit-now-developer-has-dismissed-case/,NEWS,FETCHED_OK,"On July 9, RCM Hill LLC filed a Stipulation of Dismissal with Prejudice in federal court, officially terminating the case.",VERIFIED,,Y,"Same article: 'Hill County agreed to pay $100,000 in legal fees' (per commission minutes)."
L028,,Hill County moratorium rescinded after RCM Hill suit,TX,Hill County,litigation,2026-06-04,,2026-10-02,https://www.texastribune.org/2026/06/05/texas-hill-county-moratorium-rescinded-data-centers/,NEWS,FETCHED_OK,"The Hill County Commissioners on Thursday voted unanimously to end the moratorium and adopt a checklist it will require of data center developers, just two weeks after initially instating the temporary pause of up to one year.",VERIFIED,Says 'federal court in Austin' (vs KWTX 'Waco').,Y,
L029,,Tom Green County drops planned moratorium after Hill County suit,TX,Tom Green County,other,2026-06-02,Commissioners Court chose not to advance a 12-month moratorium on 2026-06-02 after Beacon Data Centers presented its Westline/Dove Creek site; cited legal authority and the Hill County $100M suit,2026-10-02,https://sanangelolive.com/news/county/2026-06-02/tom-green-county-commissioners-reject-data-center-moratorium,NEWS,FETCHED_OK,Commissioner Shawn Nanny referenced a recent $100 million lawsuit filed against Hill County after it approved a similar one-year moratorium.,VERIFIED,"Notes had no date and relied on one MultiState source. Now dated 2026-06-02 with a local news source, and the site is named (Beacon Westline / Dove Creek Technology Campus).",Y,MultiState (2026-08-19) also fetched; it confirms the link to Hill County.
L030,,Hood County rejects countywide moratorium after state senator's warning,TX,Hood County,moratorium,2026-02-10,Commissioners voted 3-2 against a 6-month moratorium after Sen. Bettencourt's letter; failed,2026-10-02,https://www.texastribune.org/2026/02/10/texas-hood-county-rejects-data-center-development-pause-ai/,NEWS,FETCHED_OK,"After hours of testimony from dozens of residents, Hood County commissioners voted down a proposed temporary pause on new industrial development, including data centers, after a letter from a state senator threatened legal action saying the county did not have the power to issue moratoriums.",VERIFIED,Notes say it 'rejected two attempts'. The fetched Tribune article reports one 3-2 vote; a second attempt is not confirmed.,Y,"Vote was 'Tuesday' in an article dated Feb 10, 2026 (a Tuesday)."
L031,,Austin County moratorium on AI data centers and BESS,TX,Austin County,moratorium,2026-07-27,"Commissioners unanimously adopted a countywide moratorium on Monday (July 27, 2026)",2026-10-02,https://kwhi.com/2026/07/28/austin-co-commissioners-enact-moratorium-on-data-centers-battery-energy-storage-systems/,NEWS,FETCHED_OK,Austin County Commissioners moved unanimously on Monday to adopt a countywide moratorium on new artificial intelligence data center and battery energy storage system (BESS) developments .,VERIFIED,The Sealy News URL in the notes returns 404.,N,"Moratorium verified, but no contested site or resident opposition appears in the fetched text. PI may count moratoria as in scope."
L032,,City of Austin data center regulation push,TX,Austin,other,2026-08-27,"Council unanimously adopted Item 61 on Aug 27, 2026, directing binding regulations by end of 2026; no immediate ban",2026-10-02,https://cbsaustin.com/news/local/austin-city-council-unanimously-moves-forward-with-new-data-center-regulations,NEWS,FETCHED_OK,"""Without objection, Item Number 61 as amended is adopted unanimously,""",VERIFIED,"Notes are out of date ('pre-vote stage'): the resolution passed unanimously 2026-08-27. KERA 08-19 URL now 403 (Wayback copy exists, 2026-09-05).",N,"Pre-emptive regulation; KUT says there are no large-scale AI data centers in Austin, so there is no site in dispute. KUT 2026-08-24 and Community Impact also fetched."
L033,,Dallas council members seek data center land-use rules,TX,Dallas,other,2026-08-11,Five council members signed a memo asking for a hearing/vote within 30 days; Economic Development Committee discussion in early Sept (search-level only),2026-10-02,https://www.dallasobserver.com/news/dallas-data-center-regulations-40704291/,NEWS,FETCHED_OK,"On Tuesday, council members Chad West, Laura Cadena, Gay Donnell Willis, Zarin Gracey and Paul Ridley signed onto a memorandum that calls on the horseshoe to take up the data center issue within the next 30 days.",VERIFIED,,N,Code-update request with no site in dispute. GovTech/DMN (Aug 18) also fetched. KERA URL 403.
L122,,Utah Executive Order 2026-03 'Higher Bar for Data Center Development' (Stratos/MIDA),UT,statewide,state policy,2026-05-29,"EO in effect; agencies told to coordinate with MIDA, UIPA and local governments; it does not bind MIDA",2026-10-02,https://rules.utah.gov/wp-content/uploads/Utah-Executive-Order-No.-2026-03.pdf,OFFICIAL_RECORD,FETCHED_OK,"Coordinate and communicate frequently across agencies and other governmental entities, including the Utah Inland Port Authority (UIPA), Military Installation Development Authority (MIDA), and local governments, to ensure consistent implementation of the Framework",VERIFIED,"EO title is 'Establishing a Higher Bar for Data Center Development in Utah' and it is signed 'the 29th day of May, 2026'. The 'no binding water applications on file' claim was not checked.",Y,Statewide policy responding to the Stratos (Box Elder County) controversy; PI should confirm it fits. Deseret News 2026-05-29 also fetched.
L131,,Bluffdale NSA facility water-use controversy,UT,Bluffdale,other,,"State Records Committee ordered Bluffdale to release NSA water records (a pre-boom ruling, not 2025-26)",2026-10-02,https://www.datacenterdynamics.com/en/news/committee-orders-bluffdale-to-release-nsa-data-center-water-records/,NEWS,FETCHED_OK,"The State Records Committee voted unanimously in favor of The Salt Lake Tribune , which made its case in a hearing Wednesday, the newspaper reported.",PARTIALLY_VERIFIED,"The 'ordered to release' event is the 2014-era records ruling (Techdirt archive URL dated 2014-04-01), not 2025-26. The 126M-gallon (Oct 2024-Sep 2025) figure appeared only in a search summary and was not fetched.",N,Not a 2025-26 siting dispute; background only.
L138,,AAE/UCS motion to investigate Meta 'Beignet'/Blue Owl financing (LPSC Docket U-37425); LPSC declined,LA,Richland Parish,regulatory ruling,2026-01-14; 2026-02-25,"Motion filed 2026-01-14; on 2026-02-25 the PSC declined to vote on it, following a staff recommendation",2026-10-02,https://all4energy.org/wp-content/uploads/2026/01/2026-01-14-U-37425-AAE-UCS-Mtn-for-Investigation.pdf,OFFICIAL_RECORD,FETCHED_OK,"Re: Docket No. U-37425, Entergy Louisiana LLC, ex parte.",VERIFIED,'Vote tally unknown' is explained: the Illuminator reports the PSC 'declined to vote on the groups’ request'. The notes wrote URLs without a scheme; added https://.,Y,"40-page Earthjustice filing letter dated January 14, 2026, plus the motion."
L138,,AAE/UCS motion re Meta Beignet financing; LPSC declined,LA,Richland Parish,regulatory ruling,2026-02-25,,2026-10-02,https://www.ucs.org/about/news/louisiana-wont-investigate-risky-meta-data-center-financing,ADVOCACY_OR_PARTY,FETCHED_OK,"(February 25, 2026)—Today, the Louisiana Public Service Commission (PSC) refused to investigate a risky financial arrangement Meta made with Blue Owl Capital to finance its massive $27 billion data center in Richland Parish, LA.",VERIFIED,,Y,Party press release.
L138,,AAE/UCS motion re Meta Beignet financing; LPSC declined,LA,Richland Parish,regulatory ruling,2026-02-25,,2026-10-02,https://lailluminator.com/2026/02/27/no-investigation-of-data-center-ownership-transfer/,NEWS,FETCHED_OK,"The Public Service Commission declined to vote on the groups’ request, following a recommendation of its staff that said “there is no evidence to warrant the commission to take any action at this time.”",VERIFIED,,Y,The $45.99B 'maximum exposure' claim was not checked.
L139,,"Entergy VP Larry Hand ghostwrote LPSC commissioners' motions (Meta docket Aug 20, 2025; Hyundai Steel docket)",LA,statewide (LPSC),other,2026-08-11,Reported by Gulf States Newsroom/WWNO 2026-08-11,2026-10-02,https://www.wbhm.org/2026-08-11/tracked-changes-an-entergy-exec-ghostwrote-louisiana-psc-motions-supporting-meta-hyundai,NEWS,FETCHED_OK,"The Gulf States Newsroom obtained the native Word file of the motion, and its metadata — digital breadcrumbs that link a file to its original creator — lists Larry Hand , Entergy’s VP of regulatory and public affairs, as the author.",VERIFIED,Notes had no URL. The fetched copy is the WBHM syndication of the WWNO story (byline Drew Hawkins).,Y,Part of the Hyperion/LPSC Meta-docket dispute; PI may merge with the Hyperion case. The underlying email (Hand to Commissioner Foster Campbell) was not fetched.
L140,,LDEQ air permits for Hyperion under 'Laidley LLC'; Sierra Club challenge,LA,Richland Parish,regulatory ruling,2025-07; 2026-01-14; 2026-06-06; 2026-07-30,"Initial air permit July 2025 (31 emergency diesel generators); amendment filed Jan 14 adding 44 gas water boilers, approved June 6; Sierra Club asked LDEQ on July 30, 2026 to require a stricter (major-source) permit",2026-10-02,https://lailluminator.com/2026/08/04/meta-data-center-pollution-permit-doesnt-account-for-all-its-emissions-sierra-club-says/,NEWS,FETCHED_OK,"LDEQ approved the Meta facility’s initial permit in July 2025, applied for under the name Laidley LLC, the real estate entity with a 20% share of the data center.",VERIFIED,Notes had no URL. The '~23 MGD from six wells' water claim is not in this article; treat it as unverified. The LDEQ record itself was not located.,Y,Biz New Orleans (2026-07-31) also fetched for the July 30 Sierra Club request.
L141,,Meta Hyperion expansion to 5 GW / $50B+,LA,Richland Parish,other,2026-07-13,"Meta announced the expansion (economic announcement, not opposition)",2026-10-02,https://siliconangle.com/2026/07/13/meta-boosts-investment-hyperion-data-center-campus-50b/,NEWS,FETCHED_OK,"According to the company, Hyperion will provide more than 5 gigawatts worth of computing power at full capacity.",VERIFIED,"The announcement was July 13, 2026 (SiliconANGLE), not July 27 (the Yahoo Finance date in the notes).",N,Not an opposition or dispute event; context only.
