company,ticker,cik,gics_sector,form,file_date,period_ending,accession_number,file_id,file_type,filing_index_url,doc_url,classification,matched_snippet,exclusion_reason
American Water Works,AWK,1410636,Utilities,10-Q,2025-07-30,2025-06-30,0001410636-25-000150,0001410636-25-000150:awk-20250630.htm,10-Q,https://www.sec.gov/Archives/edgar/data/1410636/000141063625000150/0001410636-25-000150-index.htm,https://www.sec.gov/Archives/edgar/data/1410636/000141063625000150/awk-20250630.htm,utility_only,"&#160; california, step increase january 1, 2025 17 &#160; total general rate case authorizations $ 232 &#160; (a) new rates are expected to be effective in early august 2025, upon filing the revised tariff sheets and rate schedules. (b) interim rates of $ 5 million were effective may 11, 2024. the iowa utilities commission issued its final order on may 21, 2025. (c) interim rates were effective may 1,",
American Water Works,AWK,1410636,Utilities,10-K,2025-02-19,2024-12-31,0001410636-25-000022,0001410636-25-000022:awk-20241231.htm,10-K,https://www.sec.gov/Archives/edgar/data/1410636/000141063625000022/0001410636-25-000022-index.htm,https://www.sec.gov/Archives/edgar/data/1410636/000141063625000022/awk-20241231.htm,utility_only,"ket value, while providing the company with increased opportunity to recover the purchase price over the life of the purchased system assets, subject to puc approval. 8 table of contents consolidated tariffs use a unified rate structure for systems owned and operated by a single utility, which may or may not be physically interconnected. consolidated tariff pricing&#160;moderates the impact of periodic",
American Water Works,AWK,1410636,Utilities,10-K,2026-02-18,2025-12-31,0001410636-26-000034,0001410636-26-000034:awk-20251231.htm,10-K,https://www.sec.gov/Archives/edgar/data/1410636/000141063626000034/0001410636-26-000034-index.htm,https://www.sec.gov/Archives/edgar/data/1410636/000141063626000034/awk-20251231.htm,utility_only,"17; fair market value, while providing the company with increased opportunity to recover the purchase price over the life of the purchased system assets, subject to puc approval. consolidated utility tariffs use a unified rate structure for systems owned and operated by a single utility, which may or may not be physically interconnected. consolidated tariff pricing&#160;moderates the impact of periodic",
CenterPoint Energy,CNP,1130310,Utilities,8-K,2026-03-19,2026-03-19,0001130310-26-000021,0001130310-26-000021:a992financialandoperatio.htm,EX-99.2,https://www.sec.gov/Archives/edgar/data/1130310/000113031026000021/0001130310-26-000021-index.htm,https://www.sec.gov/Archives/edgar/data/1130310/000113031026000021/a992financialandoperatio.htm,utility_only,"ility cost and revenue adjustment (rcra) and miso cost and revenue adjustment (mcra). miso charges include specific charges under the miso&#8217;s federal energy regulatory commission (ferc) approved tariff for items such as reactive power, scheduling, and transmission network charges that are socialized among various miso members. reliability costs and revenues include non-fuel costs of purchased power",
CenterPoint Energy,CNP,1130310,Utilities,8-K,2025-03-18,2025-03-18,0001130310-25-000065,0001130310-25-000065:a992financialandoperatio.htm,EX-99.2,https://www.sec.gov/Archives/edgar/data/1130310/000113031025000065/0001130310-25-000065-index.htm,https://www.sec.gov/Archives/edgar/data/1130310/000113031025000065/a992financialandoperatio.htm,utility_only,"ervation and recovery act of 1976 (rcra) and miso cost and revenue adjustment (mcra). miso charges include specific charges under the miso&#8217;s federal energy regulatory commission (ferc) approved tariff for items such as reactive power, scheduling, and transmission network charges that are socialized among various miso members. reliability costs and revenues include non-fuel costs of purchased power",
CenterPoint Energy,CNP,1130310,Utilities,8-K,2025-03-18,2025-03-18,0001130310-25-000065,0001130310-25-000065:a991reportingpackageofso.htm,EX-99.1,https://www.sec.gov/Archives/edgar/data/1130310/000113031025000065/0001130310-25-000065-index.htm,https://www.sec.gov/Archives/edgar/data/1130310/000113031025000065/a991reportingpackageofso.htm,utility_only,"d as electric utility revenues on the company's statements of consolidated income. on occasion, prior period transactions are resettled outside the routine process due to a change in the miso&#8217;s tariff or a material interpretation thereof. expenses associated with resettlements are recorded once the resettlement is probable and the resettlement amount can be estimated. revenues associated with rese",
CMS Energy,CMS,811156,Utilities,8-K,2026-04-28,2026-04-28,0001104659-26-049718,0001104659-26-049718:tm2612873d1_ex99-2.htm,EX-99.2,https://www.sec.gov/Archives/edgar/data/811156/000110465926049718/0001104659-26-049718-index.htm,https://www.sec.gov/Archives/edgar/data/811156/000110465926049718/tm2612873d1_ex99-2.htm,utility_only,ive (district 10) jocelyn benson (d) secretary of state mike duggan (i) former detroit mayor gubernatorial race focus &#8226; growth enabler in the state &#8226; energy ready sites &#8226; large load tariff &#8226; legislative reform &#8226; state personal property tax reform &#8226; reducing regulatory burdens on businesses that drive costs &#8226; expansion of bill assistance programs &#8226; includin,
Consolidated Edison,ED,1047862,Utilities,10-K,2025-02-20,2024-12-31,0001047862-25-000011,0001047862-25-000011:ed-20241231.htm,10-K,https://www.sec.gov/Archives/edgar/data/1047862/000104786225000011/0001047862-25-000011-index.htm,https://www.sec.gov/Archives/edgar/data/1047862/000104786225000011/ed-20241231.htm,utility_only,s are not recoverable from customers. utilities may petition the nyspsc to request a waiver of the requirement that it compensate customers after widespread prolonged outages. cecony&#8217;s electric tariff requires it to also con edison annual report 2024 17 &#160;&#160;&#160;&#160;&#160;&#160;&#160;&#160; compensate customers for certain other service outages resulting from malfunctions in the company,
Consolidated Edison,ED,1047862,Utilities,10-K,2026-02-19,2025-12-31,0001047862-26-000031,0001047862-26-000031:ed-20251231.htm,10-K,https://www.sec.gov/Archives/edgar/data/1047862/000104786226000031/0001047862-26-000031-index.htm,https://www.sec.gov/Archives/edgar/data/1047862/000104786226000031/ed-20251231.htm,utility_only,s are not recoverable from customers. utilities may petition the nyspsc to request a waiver of the requirement that it compensate customers after widespread prolonged outages. cecony&#8217;s electric tariff requires it to also con edison annual report 2025 17 &#160;&#160;&#160;&#160;&#160;&#160;&#160;&#160; compensate customers for certain other service outages resulting from malfunctions in the co mpan,
Constellation Energy,CEG,1868275,Utilities,8-K,2025-05-06,2025-05-06,0001868275-25-000040,0001868275-25-000040:ceg-20250506992.htm,EX-99.2,https://www.sec.gov/Archives/edgar/data/1868275/000186827525000040/0001868275-25-000040-index.htm,https://www.sec.gov/Archives/edgar/data/1868275/000186827525000040/ceg-20250506992.htm,utility_only,"cgt online in 2030. tariff impact assumes up to a 25% tariff on 50% of project cost. (3) lcoe for hybrid: solar + 4hr storage based on regional average cost est. of $2,500 / kw placed online in 2030. tariff impact assumes up to a 50% tariff on 70% of project costs. cost of new build tariffs pjm w forwards nihub forwards ercot forwards $88 $122 cost and lead time for critical equipment continues to grow",
Constellation Energy,CEG,1868275,Utilities,10-Q,2026-05-11,2026-03-31,0001868275-26-000067,0001868275-26-000067:ceg-20260331.htm,10-Q,https://www.sec.gov/Archives/edgar/data/1868275/000186827526000067/0001868275-26-000067-index.htm,https://www.sec.gov/Archives/edgar/data/1868275/000186827526000067/ceg-20260331.htm,utility_only,"table of contents other key business drivers pjm market reform in january 2026, the national energy dominance council, with support from governors within the pjm territory, urged pjm to file proposed tariff revisions at ferc to improve reliability and cost-effectiveness within its capacity auctions. during the first quarter of 2026, pjm began stakeholder discussions and preparatory work in response to t",
Constellation Energy,CEG,1868275,Utilities,8-K,2025-12-09,2025-12-09,0001104659-25-119690,0001104659-25-119690:tm2532248d2_ex99-2.htm,EX-99.2,https://www.sec.gov/Archives/edgar/data/1868275/000110465925119690/0001104659-25-119690-index.htm,https://www.sec.gov/Archives/edgar/data/1868275/000110465925119690/tm2532248d2_ex99-2.htm,utility_only,"gencies to include ferc, cftc, nrc and similarly structured agencies to, among other things, coordinate with the white house on legal and policy matters. the trump administration also has imposed new tariffs and announced its intent to impose additional new tariffs, creating a shifting landscape for trade that could affect calpine&rsquo;s businesses. &nbsp; 44 &#160; &nbsp; in recent months, following t",
Diamondback Energy,FANG,1539838,Energy,10-K,2025-02-26,2024-12-31,0001539838-25-000021,0001539838-25-000021:fang-20241231.htm,10-K,https://www.sec.gov/Archives/edgar/data/1539838/000153983825000021/0001539838-25-000021-index.htm,https://www.sec.gov/Archives/edgar/data/1539838/000153983825000021/fang-20241231.htm,utility_only,"the transportation of oil in common carrier pipelines is also subject to rate regulation. ferc regulates interstate oil pipeline transportation rates under the interstate commerce act, and we have a tariff on file with ferc to perform oil gathering service in interstate commerce. intrastate oil pipeline transportation rates are subject to regulation by state regulatory commissions. the basis for intras",
Dominion Energy,D,715957,Utilities,10-Q,2026-05-01,2026-03-31,0001193125-26-200275,0001193125-26-200275:d-20260331.htm,10-Q,https://www.sec.gov/Archives/edgar/data/715957/000119312526200275/0001193125-26-200275-index.htm,https://www.sec.gov/Archives/edgar/data/715957/000119312526200275/d-20260331.htm,utility_only,"late february 2026 and tariffs which became effective in late february 2026, &#160; 34 &#160; &#160; as well as previously included estimated impacts of a temporary suspension of work order, certain tariffs which became effective during 2025 and revised network upgrade costs assigned by pjm to the cvow commercial project. as discussed below, the expected total project cost does not include the impact o",
Dominion Energy,D,715957,Utilities,10-K,2026-02-23,2025-12-31,0001193125-26-063120,0001193125-26-063120:d-20251231.htm,10-K,https://www.sec.gov/Archives/edgar/data/715957/000119312526063120/0001193125-26-063120-index.htm,https://www.sec.gov/Archives/edgar/data/715957/000119312526063120/d-20251231.htm,utility_only,"re. regulation virginia power&#8217;s electric distribution and generation operations, including the rates it may charge to jurisdictional customers, as well as wholesale electric transmission rates, tariffs and terms of service, are subject to regulation by the virginia and north carolina commissions as well as ferc, nrc, epa, doe, u.s. army corps of engineers, boem and other federal, state and local a",
Dominion Energy,D,715957,Utilities,10-K,2025-02-27,2024-12-31,0000950170-25-028387,0000950170-25-028387:d-20241231.htm,10-K,https://www.sec.gov/Archives/edgar/data/715957/000095017025028387/0000950170-25-028387-index.htm,https://www.sec.gov/Archives/edgar/data/715957/000095017025028387/d-20241231.htm,utility_only,"re. regulation virginia power&#8217;s electric distribution and generation operations, including the rates it may charge to jurisdictional customers, as well as wholesale electric transmission rates, tariffs and terms of service, are subject to regulation by the virginia and north carolina commissions as well as ferc, nrc, epa, doe, u.s. army corps of engineers, boem and other federal, state and local a",
DTE Energy,DTE,936340,Utilities,10-K,2026-02-17,2025-12-31,0000936340-26-000054,0000936340-26-000054:a20251231exhibit102.htm,EX-10.2,https://www.sec.gov/Archives/edgar/data/936340/000093634026000054/0000936340-26-000054-index.htm,https://www.sec.gov/Archives/edgar/data/936340/000093634026000054/a20251231exhibit102.htm,utility_only,"ually collected by company from miso for operating reserve, up ramp capability, down ramp capability, short-term reserve, regulating reserve, and other ancillary services (each as defined in the miso tariff) for each project in the project portfolio. &#8220; annual project revenue requirement &#8221; means, with respect to a project, the cost to company (including company&#8217;s commission authorized r",
DTE Energy,DTE,936340,Utilities,10-K,2026-02-17,2025-12-31,0000936340-26-000054,0000936340-26-000054:a20251231exhibit101.htm,EX-10.1,https://www.sec.gov/Archives/edgar/data/936340/000093634026000054/0000936340-26-000054-index.htm,https://www.sec.gov/Archives/edgar/data/936340/000093634026000054/a20251231exhibit101.htm,utility_only,"iso notice &#8221; has the meaning set forth in section 5.3.3 . &#8220; miso planning resource auction &#8221; has the meaning ascribed to the term &#8220;planning resource auction&#8221; in the miso tariff and shall include any successor term and mechanism used by miso to purchase and sell capacity. &#8220; miso tariff &#8221; means the miso open access transmission, energy and operating reserve market",
DTE Energy,DTE,936340,Utilities,10-Q,2026-04-30,2026-03-31,0000936340-26-000081,0000936340-26-000081:a20260331ex101.htm,EX-10.1,https://www.sec.gov/Archives/edgar/data/936340/000093634026000081/0000936340-26-000081-index.htm,https://www.sec.gov/Archives/edgar/data/936340/000093634026000081/a20260331ex101.htm,utility_only,"iso notice &#8221; has the meaning set forth in section 5.3.3 . &#8220; miso planning resource auction &#8221; has the meaning ascribed to the term &#8220;planning resource auction&#8221; in the miso tariff and shall include any successor term and mechanism used by miso to purchase and sell capacity. &#8220; miso tariff &#8221; means the miso open access transmission, energy and operating reserve market",
DTE Energy,DTE,936340,Utilities,8-K,2026-02-27,2026-02-27,0000936340-26-000058,0000936340-26-000058:dtegasexhibit991123125.htm,EX-99.1,https://www.sec.gov/Archives/edgar/data/936340/000093634026000058/0000936340-26-000058-index.htm,https://www.sec.gov/Archives/edgar/data/936340/000093634026000058/dtegasexhibit991123125.htm,utility_only,"s natural gas storage and transportation facilities in michigan as intrastate facilities regulated by the mpsc and provides intrastate storage and transportation services pursuant to an mpsc-approved tariff. the company also provides interstate storage and transportation services in accordance with an operating statement on file with the ferc. the ferc's jurisdiction is limited and extends to the rates,",
DTE Energy,DTE,936340,Utilities,10-K,2025-02-13,2024-12-31,0000936340-25-000065,0000936340-25-000065:dte-20241231.htm,10-K,https://www.sec.gov/Archives/edgar/data/936340/000093634025000065/0000936340-25-000065-index.htm,https://www.sec.gov/Archives/edgar/data/936340/000093634025000065/dte-20241231.htm,utility_only,"es natural gas storage and transportation facilities in michigan as intrastate facilities regulated by the mpsc and provides intrastate storage and transportation services pursuant to a mpsc-approved tariff. dte gas also provides interstate storage and transportation services in accordance with an operating statement on file with the ferc. the ferc's jurisdiction is limited and extends to the rates, non",
Duke Energy,DUK,1326160,Utilities,8-K,2026-07-06,2026-07-02,0001104659-26-080476,0001104659-26-080476:tm2619723d1_ex99-1.htm,EX-99.1,https://www.sec.gov/Archives/edgar/data/1326160/000110465926080476/0001104659-26-080476-index.htm,https://www.sec.gov/Archives/edgar/data/1326160/000110465926080476/tm2619723d1_ex99-1.htm,utility_only,"nciliation, winter storm fern recovery, and the storm reserve request &middot; customer growth, related large load plant allocation, and large load interconnection facilities/ciac &middot; large load tariff &middot; depreciation study &middot; incentive compensation, rate case expenses, and other contested o&amp;m items &nbsp; additional information: &nbsp; &middot; the stipulation is subject to the rev",
Duke Energy,DUK,1326160,Utilities,8-K,2026-07-17,2026-07-17,0001104659-26-084653,0001104659-26-084653:tm2620766d1_ex99-1.htm,EX-99.1,https://www.sec.gov/Archives/edgar/data/1326160/000110465926084653/0001104659-26-084653-index.htm,https://www.sec.gov/Archives/edgar/data/1326160/000110465926084653/tm2620766d1_ex99-1.htm,utility_only,"ues related to the revenue requirement in the case as well as mechanics of the decoupling mechanism and esm &nbsp; &middot; the parties agree to support a separate proceeding to evaluate a large load tariff, with the intention to complete that proceeding prior to new rates going into effect &nbsp; &middot; dec agrees to a $10 million shareholder contribution to support bill assistance through the share",
EQT Corporation,EQT,33213,Energy,10-K,2025-02-19,2024-12-31,0000033213-25-000011,0000033213-25-000011:eqt-20241231.htm,10-K,https://www.sec.gov/Archives/edgar/data/33213/000003321325000011/0000033213-25-000011-index.htm,https://www.sec.gov/Archives/edgar/data/33213/000003321325000011/eqt-20241231.htm,utility_only,"nue indefinitely into the future nor can we determine what effect, if any, future regulatory changes might have on our natural gas production activities. our ferc-regulated operations are pursuant to tariffs approved by the ferc that establish rates (other than market-based rate authority), cost recovery mechanisms and terms and conditions of service to customers. generally, the ferc's authority extends",
Eversource Energy,ES,72741,Utilities,8-K,2026-05-06,2026-05-06,0001104659-26-056267,0001104659-26-056267:tm2613673d1_ex99-3.htm,EX-99.3,https://www.sec.gov/Archives/edgar/data/72741/000110465926056267/0001104659-26-056267-index.htm,https://www.sec.gov/Archives/edgar/data/72741/000110465926056267/tm2613673d1_ex99-3.htm,utility_only,n granted through may 2027 &#9642; motion for stay at the d.c. circuit court &#9642; section 205 filing for new base roe of 11.39% &#9642; rehearing request filed 10 iso - ne open access transmission tariff (roe) 11.14% 10.57% 9.57% 11.39% initial tariff (2006) ferc decision (2014) ferc decision (2026) section 205 filing (2026) 2006: ferc approves transmission tariff that established a base roe of 11.14,
Eversource Energy,ES,72741,Utilities,10-Q,2025-08-04,2025-06-30,0001628280-25-037369,0001628280-25-037369:es-20250630.htm,10-Q,https://www.sec.gov/Archives/edgar/data/72741/000162828025037369/0001628280-25-037369-index.htm,https://www.sec.gov/Archives/edgar/data/72741/000162828025037369/es-20250630.htm,utility_only,"andated congestion charge gaap accounting principles generally accepted in the united states of america gsep gas system enhancement program i gwh gigawatt-hours ipp independent power producers iso-ne tariff iso-ne ferc transmission, markets and services tariff kv kilovolt kva kilovolt-ampere kw kilowatt (equal to one thousand watts) kwh kilowatt-hours lng liquefied natural gas lpg liquefied petroleum ga",
Eversource Energy,ES,72741,Utilities,10-Q,2025-11-06,2025-09-30,0001628280-25-050033,0001628280-25-050033:es-20250930.htm,10-Q,https://www.sec.gov/Archives/edgar/data/72741/000162828025050033/0001628280-25-050033-index.htm,https://www.sec.gov/Archives/edgar/data/72741/000162828025050033/es-20250930.htm,utility_only,"andated congestion charge gaap accounting principles generally accepted in the united states of america gsep gas system enhancement program i gwh gigawatt-hours ipp independent power producers iso-ne tariff iso-ne ferc transmission, markets and services tariff kv kilovolt kva kilovolt-ampere kw kilowatt (equal to one thousand watts) kwh kilowatt-hours lng liquefied natural gas lpg liquefied petroleum ga",
Eversource Energy,ES,72741,Utilities,10-Q,2025-05-05,2025-03-31,0000072741-25-000011,0000072741-25-000011:es-20250331.htm,10-Q,https://www.sec.gov/Archives/edgar/data/72741/000007274125000011/0000072741-25-000011-index.htm,https://www.sec.gov/Archives/edgar/data/72741/000007274125000011/es-20250331.htm,utility_only,"andated congestion charge gaap accounting principles generally accepted in the united states of america gsep gas system enhancement program i gwh gigawatt-hours ipp independent power producers iso-ne tariff iso-ne ferc transmission, markets and services tariff kv kilovolt kva kilovolt-ampere kw kilowatt (equal to one thousand watts) kwh kilowatt-hours lng liquefied natural gas lpg liquefied petroleum ga",
Eversource Energy,ES,72741,Utilities,10-Q,2026-05-07,2026-03-31,0001628280-26-032278,0001628280-26-032278:es-20260331.htm,10-Q,https://www.sec.gov/Archives/edgar/data/72741/000162828026032278/0001628280-26-032278-index.htm,https://www.sec.gov/Archives/edgar/data/72741/000162828026032278/es-20260331.htm,utility_only,"andated congestion charge gaap accounting principles generally accepted in the united states of america gsep gas system enhancement program i gwh gigawatt-hours ipp independent power producers iso-ne tariff iso-ne ferc transmission, markets and services tariff kv kilovolt kva kilovolt-ampere kw kilowatt (equal to one thousand watts) kwh kilowatt-hours lng liquefied natural gas lpg liquefied petroleum ga",
Eversource Energy,ES,72741,Utilities,10-K,2026-02-17,2025-12-31,0001628280-26-008461,0001628280-26-008461:es-20251231.htm,10-K,https://www.sec.gov/Archives/edgar/data/72741/000162828026008461/0001628280-26-008461-index.htm,https://www.sec.gov/Archives/edgar/data/72741/000162828026008461/es-20251231.htm,utility_only,"andated congestion charge gaap accounting principles generally accepted in the united states of america gsep gas system enhancement program i gwh gigawatt-hours ipp independent power producers iso-ne tariff iso-ne ferc transmission, markets and services tariff kv kilovolt kva kilovolt-ampere kw kilowatt (equal to one thousand watts) kwh kilowatt-hours lng liquefied natural gas lpg liquefied petroleum ga",
FirstEnergy,FE,1031296,Utilities,8-K,2026-05-20,2026-05-20,0001031296-26-000089,0001031296-26-000089:ex101-fe5x20x2026.htm,EX-10.1,https://www.sec.gov/Archives/edgar/data/1031296/000103129626000089/0001031296-26-000089-index.htm,https://www.sec.gov/Archives/edgar/data/1031296/000103129626000089/ex101-fe5x20x2026.htm,utility_only,"21; means pjm interconnection l.l.c., a regional transmission organization, or any designated successor thereto. &#8220;pjm market rules&#8221; refers collectively to the pjm open access transmission tariff and the amended and restated pjm operating agreement, and all schedules, appendices, or exhibits attached thereto to each, on file with ferc as may be amended from time to time (or any successor tari",
NextEra Energy,NEE,753308,Utilities,8-K,2025-08-20,2025-08-20,0000753308-25-000047,0000753308-25-000047:exhibit99tonee-fpl8xkdated.htm,EX-99,https://www.sec.gov/Archives/edgar/data/753308/000075330825000047/0000753308-25-000047-index.htm,https://www.sec.gov/Archives/edgar/data/753308/000075330825000047/exhibit99tonee-fpl8xkdated.htm,utility_only,"d of fpl&#8217;s 2027 mfrs filed with the 2025 rate petition, and in the respective amounts and manner shown on exhibit a, attached hereto. (c)&#160;&#160;&#160;&#160;attached hereto as exhibit b are tariff sheets for new base rates and service charges that reflect the terms of this agreement and implement the rate increase described in paragraph 4(a) above, which tariff sheets shall become effective on",
NiSource,NI,1111711,Utilities,10-Q,2026-05-06,2026-03-31,0001111711-26-000045,0001111711-26-000045:nix-20260331.htm,10-Q,https://www.sec.gov/Archives/edgar/data/1111711/000111171126000045/0001111711-26-000045-index.htm,https://www.sec.gov/Archives/edgar/data/1111711/000111171126000045/nix-20260331.htm,utility_only,"directed, nipsco continued to make r.m. schahfer available in the miso market. following receipt of the initial emergency order, nipsco filed a complaint with ferc seeking a modification of the miso tariff to establish a mechanism for recovery and allocation of the cost to comply with this order. in march 2026, ferc ordered miso to make a compliance filing with tariff language for nipsco recovery and a",
NiSource,NI,1111711,Utilities,10-K,2026-02-11,2025-12-31,0001111711-26-000027,0001111711-26-000027:nix-20251231.htm,10-K,https://www.sec.gov/Archives/edgar/data/1111711/000111171126000027/0001111711-26-000027-index.htm,https://www.sec.gov/Archives/edgar/data/1111711/000111171126000027/nix-20251231.htm,utility_only,"rights and ancillary markets. nipsco has transferred functional control of its electric transmission assets to miso, and transmission service for nipsco occurs under the miso open access transmission tariff. nipsco generating units are dispatched by miso which takes into account economics, reliability of the miso system and unit availability. during the year ended december&#160;31, 2025, nipsco generati",
NiSource,NI,1111711,Utilities,10-K,2025-02-12,2024-12-31,0001111711-25-000008,0001111711-25-000008:nix-20241231.htm,10-K,https://www.sec.gov/Archives/edgar/data/1111711/000111171125000008/0001111711-25-000008-index.htm,https://www.sec.gov/Archives/edgar/data/1111711/000111171125000008/nix-20241231.htm,utility_only,"rights and ancillary markets. nipsco has transferred functional control of its electric transmission assets to miso, and transmission service for nipsco occurs under the miso open access transmission tariff. nipsco generating units are dispatched by miso which takes into account economics, reliability of the miso system and unit availability. during the year ended december&#160;31, 2024, nipsco generati",
NiSource,NI,1111711,Utilities,10-Q,2025-10-29,2025-09-30,0001111711-25-000055,0001111711-25-000055:ni-ex102x20250930.htm,EX-10.2,https://www.sec.gov/Archives/edgar/data/1111711/000111171125000055/0001111711-25-000055-index.htm,https://www.sec.gov/Archives/edgar/data/1111711/000111171125000055/ni-ex102x20250930.htm,utility_only,"support such assets (including working capital) and (ii) assets approved by the iurc for recovery through a &#8220;special contract&#8221; entered into by nipsco or similar arrangement (including any tariff). &#8220; rate base amount &#8221; means an amount equal to the net utility plant of the company and its subsidiaries, taken as a whole as determined based on the most recently filed ferc form 1s for",
NRG Energy,NRG,1013871,Utilities,8-K,2025-05-16,2025-05-12,0001104659-25-049673,0001104659-25-049673:tm2514561d2_ex2-1.htm,EX-2.1,https://www.sec.gov/Archives/edgar/data/1013871/000110465925049673/0001104659-25-049673-index.htm,https://www.sec.gov/Archives/edgar/data/1013871/000110465925049673/tm2514561d2_ex2-1.htm,utility_only,erc section&nbsp;203 approval and (b)&nbsp;waiver by ferc or the expiration of the ninety (90) day period from the filing of all reactive power informational filings required by schedule 2 to the pjm tariff. &nbsp; &ldquo; ferc section&nbsp;203 approval &rdquo; means the approval of ferc under section&nbsp;203 of the fpa of the transactions contemplated in this agreement. &nbsp; &ldquo; financing &rdquo,
NRG Energy,NRG,1013871,Utilities,10-Q,2025-05-12,2025-03-31,0001013871-25-000013,0001013871-25-000013:nrg-20250331.htm,10-Q,https://www.sec.gov/Archives/edgar/data/1013871/000101387125000013/0001013871-25-000013-index.htm,https://www.sec.gov/Archives/edgar/data/1013871/000101387125000013/nrg-20250331.htm,utility_only,"pdates to the non-performance charge based on the rto net cone for the 2026/2027 and 2027/2028 delivery years. on february 14, 2025, ferc approved pjm&#8217;s filings. on december 13, 2024, pjm filed tariff changes to add provisions enabling a one-time reliability-based expansion of the eligibility criteria for pjm&#8217;s interconnection process intended to allow a limited number of additional resource",
NRG Energy,NRG,1013871,Utilities,10-Q,2025-08-06,2025-06-30,0001013871-25-000020,0001013871-25-000020:nrg-20250630.htm,10-Q,https://www.sec.gov/Archives/edgar/data/1013871/000101387125000020/0001013871-25-000020-index.htm,https://www.sec.gov/Archives/edgar/data/1013871/000101387125000020/nrg-20250630.htm,utility_only,"pdates to the non-performance charge based on the rto net cone for the 2026/2027 and 2027/2028 delivery years. on february 14, 2025, ferc approved pjm&#8217;s filings. on december 13, 2024, pjm filed tariff changes to add provisions enabling a one-time reliability-based expansion of the eligibility criteria for pjm&#8217;s interconnection process intended to allow a limited number of additional resource",
Occidental Petroleum,OXY,797468,Energy,8-K,2025-10-03,2025-10-01,0001140361-25-037234,0001140361-25-037234:ef20056633_ex2-1.htm,EX-2.1,https://www.sec.gov/Archives/edgar/data/797468/000114036125037234/0001140361-25-037234-index.htm,https://www.sec.gov/Archives/edgar/data/797468/000114036125037234/ef20056633_ex2-1.htm,utility_only,"mbr authority &#8221; means authorization by ferc pursuant to section 205 of the fpa to sell electric energy, capacity and/or certain ancillary services at market-based rates, acceptance by ferc of a tariff providing for any such sales, and approval by ferc of such regulatory waivers and blanket authorizations as are customarily granted by ferc to &#8220;persons,&#8221; as defined in the fpa, authorized",
Oneok,OKE,1039684,Energy,10-K,2025-02-25,2024-12-31,0001039684-25-000036,0001039684-25-000036:oke-20241231.htm,10-K,https://www.sec.gov/Archives/edgar/data/1039684/000103968425000036/0001039684-25-000036-index.htm,https://www.sec.gov/Archives/edgar/data/1039684/000103968425000036/oke-20241231.htm,utility_only,"ces and our business activities are categorized as follows: &#8226; transportation services - our regulated natural gas transportation services contracts are based upon rates stated in the respective tariffs, which have generally been established through shipper specific negotiation, discounts and negotiated settlements. the rates are filed with ferc or the appropriate state jurisdictional agencies. in",
PPL Corporation,PPL,922224,Utilities,8-K,2026-03-13,2026-03-13,0000922224-26-000020,0000922224-26-000020:ppl-20260313.htm,8-K,https://www.sec.gov/Archives/edgar/data/922224/000092222426000020/0000922224-26-000020-index.htm,https://www.sec.gov/Archives/edgar/data/922224/000092222426000020/ppl-20260313.htm,utility_only,"tforms. the total cost of these projects is approximately $54 million, inclusive of allowance for funds used during construction (""afudc"") through the fully projected future test year. new large load tariff with support for residential low-income program the settlement establishes a structured framework for serving large load customers (including data centers) that would support economic development whi",
PPL Corporation,PPL,922224,Utilities,8-K,2026-03-24,2026-03-19,0000922224-26-000022,0000922224-26-000022:ppl-20260319.htm,8-K,https://www.sec.gov/Archives/edgar/data/922224/000092222426000022/0000922224-26-000022-index.htm,https://www.sec.gov/Archives/edgar/data/922224/000092222426000022/ppl-20260319.htm,utility_only,"nts commencing with coakley v. bangor hydro-elec. co., el11-66-001, et al. (the ""order"") regarding the return on equity (""roe"") for new england transmission owners (""netos"") under the iso new england tariff. pursuant to the order, the ferc adopted a new methodology for determining roe and set netos' base roe at 9.57%, with a maximum including incentives not to exceed 12.09%, retroactive to october 16, 2",
PPL Corporation,PPL,922224,Utilities,8-K,2025-10-20,2025-10-20,0000922224-25-000044,0000922224-25-000044:ppl-20251020.htm,8-K,https://www.sec.gov/Archives/edgar/data/922224/000092222425000044/0000922224-25-000044-index.htm,https://www.sec.gov/Archives/edgar/data/922224/000092222425000044/ppl-20251020.htm,utility_only,"d gas line or well activities, with recovery of such deferred asset or liability amounts to be addressed in future rate cases. finally, the agreement contains agreed positions regarding certain other tariff, rate, regulatory accounting and other issues in the rate increase proceedings, as well as recommending approval of all remaining matters as requested by the companies' applications. a kpsc hearing i",
PPL Corporation,PPL,922224,Utilities,8-K,2026-05-08,2026-05-08,0000922224-26-000024,0000922224-26-000024:ppl-3312026exhibit991.htm,EX-99.1,https://www.sec.gov/Archives/edgar/data/922224/000092222426000024/0000922224-26-000024-index.htm,https://www.sec.gov/Archives/edgar/data/922224/000092222426000024/ppl-3312026exhibit991.htm,utility_only,"irst base rate case filing in over 10 years. the settlement includes various customer affordability enhancements, including protections under a new large-load customer rate class and electric service tariff, other modifications to low-income customer programs, and an agreement not to file a base rate case for at least two years from the effective date of the rate increases. the administrative law judges",
Public Service Enterprise Group,PEG,788784,Utilities,10-Q,2025-04-30,2025-03-31,0000950170-25-061108,0000950170-25-061108:peg-20250331.htm,10-Q,https://www.sec.gov/Archives/edgar/data/788784/000095017025061108/0000950170-25-061108-index.htm,https://www.sec.gov/Archives/edgar/data/788784/000095017025061108/peg-20250331.htm,utility_only,venues. pse&amp;g revenues from contracts with customers electric and gas distribution and transmission revenues &#8212;pse&amp;g sells gas and electricity to customers under default commodity supply tariffs. pse&amp;g&#8217;s regulated electric and gas default commodity supply and distribution services are separate tariffs which are satisfied as the product(s) and/or service(s) are delivered to the cus,
Public Service Enterprise Group,PEG,788784,Utilities,10-Q,2026-05-05,2026-03-31,0001193125-26-206545,0001193125-26-206545:peg-20260331.htm,10-Q,https://www.sec.gov/Archives/edgar/data/788784/000119312526206545/0001193125-26-206545-index.htm,https://www.sec.gov/Archives/edgar/data/788784/000119312526206545/peg-20260331.htm,utility_only,venues. pse&amp;g revenues from contracts with customers electric and gas distribution and transmission revenues &#8212;pse&amp;g sells gas and electricity to customers under default commodity supply tariffs. pse&amp;g&#8217;s regulated electric and gas default commodity supply and distribution services are separate tariffs which are satisfied as the product(s) and/or service(s) are delivered to the cus,
Public Service Enterprise Group,PEG,788784,Utilities,10-Q,2025-08-05,2025-06-30,0000950170-25-103096,0000950170-25-103096:peg-20250630.htm,10-Q,https://www.sec.gov/Archives/edgar/data/788784/000095017025103096/0000950170-25-103096-index.htm,https://www.sec.gov/Archives/edgar/data/788784/000095017025103096/peg-20250630.htm,utility_only,venues. pse&amp;g revenues from contracts with customers electric and gas distribution and transmission revenues &#8212;pse&amp;g sells gas and electricity to customers under default commodity supply tariffs. pse&amp;g&#8217;s regulated electric and gas default commodity supply and distribution services are separate tariffs which are satisfied as the product(s) and/or service(s) are delivered to the cus,
Public Service Enterprise Group,PEG,788784,Utilities,10-Q,2025-11-03,2025-09-30,0001193125-25-262643,0001193125-25-262643:peg-20250930.htm,10-Q,https://www.sec.gov/Archives/edgar/data/788784/000119312525262643/0001193125-25-262643-index.htm,https://www.sec.gov/Archives/edgar/data/788784/000119312525262643/peg-20250930.htm,utility_only,venues. pse&amp;g revenues from contracts with customers electric and gas distribution and transmission revenues &#8212;pse&amp;g sells gas and electricity to customers under default commodity supply tariffs. pse&amp;g&#8217;s regulated electric and gas default commodity supply and distribution services are separate tariffs which are satisfied as the product(s) and/or service(s) are delivered to the cus,
Sempra,SRE,1032208,Utilities,10-K,2025-02-25,2024-12-31,0001032208-25-000012,0001032208-25-000012:sempra-123124xex991.htm,EX-99.1,https://www.sec.gov/Archives/edgar/data/1032208/000103220825000012/0001032208-25-000012-index.htm,https://www.sec.gov/Archives/edgar/data/1032208/000103220825000012/sempra-123124xex991.htm,utility_only,"mission grid connections to merchant generation facilities and interconnections to other transmission grids in texas. the rates oncor charges for its electricity delivery services are set pursuant to tariffs approved by the puct and certain cities and, in the case of transmission service related to limited interconnections to other markets, the ferc. oncor is not a seller of electricity, nor does oncor",
Sempra,SRE,1032208,Utilities,10-K,2026-02-26,2025-12-31,0001032208-26-000010,0001032208-26-000010:sre-20251231.htm,10-K,https://www.sec.gov/Archives/edgar/data/1032208/000103220826000010/0001032208-26-000010-index.htm,https://www.sec.gov/Archives/edgar/data/1032208/000103220826000010/sre-20251231.htm,utility_only,"ansmission lines, a total of 1,333 transmission and distribution substations, and interconnection to 230 third-party generation facilities totaling 63,670 mw. transmission revenues are provided under tariffs approved by either the puct or, to a small degree related to limited interconnections to other markets, the ferc. network transmission revenues compensate oncor for delivery of electricity over tran",
Sempra,SRE,1032208,Utilities,10-K,2026-02-26,2025-12-31,0001032208-26-000010,0001032208-26-000010:sempra-123125xex991.htm,EX-99.1,https://www.sec.gov/Archives/edgar/data/1032208/000103220826000010/0001032208-26-000010-index.htm,https://www.sec.gov/Archives/edgar/data/1032208/000103220826000010/sempra-123125xex991.htm,utility_only,"mission grid connections to merchant generation facilities and interconnections to other transmission grids in texas. the rates oncor charges for its electricity delivery services are set pursuant to tariffs approved by the puct and certain cities and, in the case of transmission service related to limited interconnections to other markets, the ferc. oncor is not a seller of electricity, nor does oncor",
Southern Company,SO,92122,Utilities,8-K,2025-07-01,2025-07-01,0000092122-25-000066,0000092122-25-000066:so-20250701.htm,8-K,https://www.sec.gov/Archives/edgar/data/92122/000009212225000066/0000092122-25-000066-index.htm,https://www.sec.gov/Archives/edgar/data/92122/000009212225000066/so-20250701.htm,utility_only,"l rates to achieve a retail roe equal to the lower end of the approved retail roe range. any icr tariff would expire at the earlier of january 1, 2029 or the end of the calendar year in which the icr tariff becomes effective. in lieu of requesting implementation of an icr tariff, or if the georgia psc chooses not to implement the icr tariff, georgia power may file a full base rate case. except as provid",
Vistra Corp.,VST,1692819,Utilities,8-K,2026-01-05,2025-12-31,0001193125-26-002589,0001193125-26-002589:d62722dex22.htm,EX-2.2,https://www.sec.gov/Archives/edgar/data/1692819/000119312526002589/0001193125-26-002589-index.htm,https://www.sec.gov/Archives/edgar/data/1692819/000119312526002589/d62722dex22.htm,utility_only,"ursuant to section&nbsp;205 of the fpa to sell electric energy, capacity and certain ancillary services at market-based rates, (b)&nbsp;acceptance by ferc pursuant to section&nbsp;205 of the fpa of a tariff providing for such sales, and (c)&nbsp;the granting by ferc of such regulatory waivers and blanket authorizations as are customarily granted by ferc to similarly-situated companies with such authorit",
Vistra Corp.,VST,1692819,Utilities,8-K,2026-01-05,2025-12-31,0001193125-26-002589,0001193125-26-002589:d62722dex21.htm,EX-2.1,https://www.sec.gov/Archives/edgar/data/1692819/000119312526002589/0001193125-26-002589-index.htm,https://www.sec.gov/Archives/edgar/data/1692819/000119312526002589/d62722dex21.htm,utility_only,"ursuant to section&nbsp;205 of the fpa to sell electric energy, capacity and certain ancillary services at market-based rates, (b)&nbsp;acceptance by ferc pursuant to section&nbsp;205 of the fpa of a tariff providing for such sales, and (c)&nbsp;the granting by ferc of such regulatory waivers and blanket authorizations as are customarily granted by ferc to similarly-situated companies with such authorit",
Vistra Corp.,VST,1692819,Utilities,8-K,2025-05-21,2025-05-15,0001193125-25-123660,0001193125-25-123660:d948204dex21.htm,EX-2.1,https://www.sec.gov/Archives/edgar/data/1692819/000119312525123660/0001193125-25-123660-index.htm,https://www.sec.gov/Archives/edgar/data/1692819/000119312525123660/d948204dex21.htm,utility_only,"y actions expressly consented to or requested by the buyer; (n)&nbsp;any change in, or event (including any political, governmental or regulatory action or omission) affecting, the structure, design, tariffs, rates, pricing or rules (including systems, procedures, guidelines, policies or requirements promulgated or modified by caiso, iso-ne, nyiso, pjm or any other regional transmission organization or",
WEC Energy Group,WEC,783325,Utilities,8-K,2026-03-02,2026-03-02,0000783325-26-000027,0000783325-26-000027:a032026marchfinal.htm,EX-99.1,https://www.sec.gov/Archives/edgar/data/783325/000078332526000027/0000783325-26-000027-index.htm,https://www.sec.gov/Archives/edgar/data/783325/000078332526000027/a032026marchfinal.htm,utility_only,"nd battery storage assets &#9642; fixed for entire term: return on equity range of 10.48% to 10.98% and equity ratio of 57%, as agreed upon with customers &#9642; revenues and costs recovered through tariff excluded from future rate case proceedings and earnings sharing mechanisms &#9642; early termination: customer pays for remaining net book value, to the extent it cannot be repurposed &#9642; filed w",
WEC Energy Group,WEC,783325,Utilities,8-K,2026-01-05,2026-01-05,0000783325-26-000003,0000783325-26-000003:a012026januaryfinal.htm,EX-99.1,https://www.sec.gov/Archives/edgar/data/783325/000078332526000003/0000783325-26-000003-index.htm,https://www.sec.gov/Archives/edgar/data/783325/000078332526000003/a012026januaryfinal.htm,utility_only,"battery storage assets &#61607; fixed for entire term: return on equity range of 10.48% to 10.98% and equity ratio of 57%, as agreed upon with customers &#61607; revenues and costs recovered through tariff excluded from future rate case proceedings and earnings sharing mechanisms &#61607; early termination: customer pays for remaining net book value, to the extent it cannot be repurposed &#61607; filed",
WEC Energy Group,WEC,783325,Utilities,8-K,2025-12-05,2025-12-05,0000783325-25-000068,0000783325-25-000068:a122025decemberfinal.htm,EX-99.1,https://www.sec.gov/Archives/edgar/data/783325/000078332525000068/0000783325-25-000068-index.htm,https://www.sec.gov/Archives/edgar/data/783325/000078332525000068/a122025decemberfinal.htm,utility_only,"battery storage assets &#61607; fixed for entire term: return on equity range of 10.48% to 10.98% and equity ratio of 57%, as agreed upon with customers &#61607; revenues and costs recovered through tariff will be excluded from future rate case proceedings and earnings sharing mechanisms &#61607; early termination: customer pays for remaining net book value, to the extent it cannot be repurposed &#6160",
WEC Energy Group,WEC,783325,Utilities,8-K,2025-11-07,2025-11-07,0000783325-25-000063,0000783325-25-000063:a112025november-final.htm,EX-99.1,https://www.sec.gov/Archives/edgar/data/783325/000078332525000063/0000783325-25-000063-index.htm,https://www.sec.gov/Archives/edgar/data/783325/000078332525000063/a112025november-final.htm,utility_only,"battery storage assets &#61607; fixed for entire term: return on equity range of 10.48% to 10.98% and equity ratio of 57%, as agreed upon with customers &#61607; revenues and costs recovered through tariff will be excluded from future rate case proceedings and earnings sharing mechanisms &#61607; early termination: customer pays for remaining net book value, to the extent it cannot be repurposed &#6160",
WEC Energy Group,WEC,783325,Utilities,8-K,2025-06-25,2025-06-25,0000783325-25-000019,0000783325-25-000019:a062025junefinal.htm,EX-99.1,https://www.sec.gov/Archives/edgar/data/783325/000078332525000019/0000783325-25-000019-index.htm,https://www.sec.gov/Archives/edgar/data/783325/000078332525000019/a062025junefinal.htm,utility_only,"s &#61607; depreciable life for natural gas and battery storage assets &#61607; fixed for entire term: return on equity of 10.48% and equity ratio of 57% &#61607; revenues and costs recovered through tariff will be excluded from future rate case proceedings and earnings sharing mechanisms &#61607; early termination: customer pays for remaining net book value, to the extent it cannot be repurposed &#6160",
WEC Energy Group,WEC,783325,Utilities,8-K,2025-09-02,2025-09-02,0000783325-25-000053,0000783325-25-000053:a092025septemberfinal.htm,EX-99.1,https://www.sec.gov/Archives/edgar/data/783325/000078332525000053/0000783325-25-000053-index.htm,https://www.sec.gov/Archives/edgar/data/783325/000078332525000053/a092025septemberfinal.htm,utility_only,"&#61607; depreciable life for natural gas and battery storage assets. &#61607; fixed for entire term: return on equity of 10.48% and equity ratio of 57%. &#61607; revenues and costs recovered through tariff will be excluded from future rate case proceedings and earnings sharing mechanisms. &#61607; early termination: customer pays for remaining net book value, to the extent it cannot be repurposed. &#61",
WEC Energy Group,WEC,783325,Utilities,8-K,2025-05-16,2025-05-16,0000107815-25-000194,0000107815-25-000194:a052025mayfinal.htm,EX-99.1,https://www.sec.gov/Archives/edgar/data/783325/000010781525000194/0000107815-25-000194-index.htm,https://www.sec.gov/Archives/edgar/data/783325/000010781525000194/a052025mayfinal.htm,utility_only,"s &#61607; depreciable life for natural gas and battery storage assets &#61607; fixed for entire term: return on equity of 10.48% and equity ratio of 57% &#61607; revenues and costs recovered through tariff will be excluded from future rate case proceedings and earnings sharing mechanisms &#61607; early termination: customer pays for remaining net book value, to the extent it cannot be repurposed &#6160",
WEC Energy Group,WEC,783325,Utilities,8-K,2026-02-06,2026-02-06,0000783325-26-000014,0000783325-26-000014:a022026februaryfinal.htm,EX-99.1,https://www.sec.gov/Archives/edgar/data/783325/000078332526000014/0000783325-26-000014-index.htm,https://www.sec.gov/Archives/edgar/data/783325/000078332526000014/a022026februaryfinal.htm,utility_only,"nd battery storage assets &#9642; fixed for entire term: return on equity range of 10.48% to 10.98% and equity ratio of 57%, as agreed upon with customers &#9642; revenues and costs recovered through tariff excluded from future rate case proceedings and earnings sharing mechanisms &#9642; early termination: customer pays for remaining net book value, to the extent it cannot be repurposed &#9642; filed w",
WEC Energy Group,WEC,783325,Utilities,8-K,2025-08-04,2025-08-04,0000783325-25-000034,0000783325-25-000034:a082025augustfinal.htm,EX-99.1,https://www.sec.gov/Archives/edgar/data/783325/000078332525000034/0000783325-25-000034-index.htm,https://www.sec.gov/Archives/edgar/data/783325/000078332525000034/a082025augustfinal.htm,utility_only,"&#61607; depreciable life for natural gas and battery storage assets. &#61607; fixed for entire term: return on equity of 10.48% and equity ratio of 57%. &#61607; revenues and costs recovered through tariff will be excluded from future rate case proceedings and earnings sharing mechanisms. &#61607; early termination: customer pays for remaining net book value, to the extent it cannot be repurposed. &#61",
WEC Energy Group,WEC,783325,Utilities,8-K,2026-04-01,2026-04-01,0000783325-26-000040,0000783325-26-000040:a042026aprilfinal.htm,EX-99.1,https://www.sec.gov/Archives/edgar/data/783325/000078332526000040/0000783325-26-000040-index.htm,https://www.sec.gov/Archives/edgar/data/783325/000078332526000040/a042026aprilfinal.htm,utility_only,"nd battery storage assets &#9642; fixed for entire term: return on equity range of 10.48% to 10.98% and equity ratio of 57%, as agreed upon with customers &#9642; revenues and costs recovered through tariff excluded from future rate case proceedings and earnings sharing mechanisms &#9642; early termination: customer pays for remaining net book value, to the extent it cannot be repurposed &#9642; filed w",
WEC Energy Group,WEC,783325,Utilities,8-K,2026-06-01,2026-06-01,0000783325-26-000077,0000783325-26-000077:a062026junefinal.htm,EX-99.1,https://www.sec.gov/Archives/edgar/data/783325/000078332526000077/0000783325-26-000077-index.htm,https://www.sec.gov/Archives/edgar/data/783325/000078332526000077/a062026junefinal.htm,utility_only,"42; fixed for entire term: return on equity range of 10.48% to 10.98% and equity ratio of 57% &#9642; specific roe within range agreed upon with customers &#9642; revenues and costs recovered through tariff excluded from future rate case proceedings and earnings sharing mechanisms &#9642; early termination: customer pays for remaining net book value, to the extent it cannot be repurposed pscw written or",
WEC Energy Group,WEC,783325,Utilities,8-K,2026-05-11,2026-05-11,0000783325-26-000060,0000783325-26-000060:a052026mayfinal.htm,EX-99.1,https://www.sec.gov/Archives/edgar/data/783325/000078332526000060/0000783325-26-000060-index.htm,https://www.sec.gov/Archives/edgar/data/783325/000078332526000060/a052026mayfinal.htm,utility_only,"nd battery storage assets &#9642; fixed for entire term: return on equity range of 10.48% to 10.98% and equity ratio of 57%, as agreed upon with customers &#9642; revenues and costs recovered through tariff excluded from future rate case proceedings and earnings sharing mechanisms &#9642; early termination: customer pays for remaining net book value, to the extent it cannot be repurposed verbal approval",
Williams Companies,WMB,107263,Energy,10-K,2026-02-24,2025-12-31,0000107263-26-000006,0000107263-26-000006:wmb-20251231.htm,10-K,https://www.sec.gov/Archives/edgar/data/107263/000010726326000006/0000107263-26-000006-index.htm,https://www.sec.gov/Archives/edgar/data/107263/000010726326000006/wmb-20251231.htm,utility_only,"nterstate commerce are subject to regulation. the rates are established primarily through the ferc&#8217;s ratemaking process, but rates may also be negotiated with customers pursuant to the terms of tariffs and ferc policy. williams&#8217; interstate natural gas pipelines transport and store natural gas for a broad mix of customers, including local natural gas distribution companies, public utilities,",
Williams Companies,WMB,107263,Energy,10-K,2025-02-25,2024-12-31,0000107263-25-000031,0000107263-25-000031:wmb-20241231.htm,10-K,https://www.sec.gov/Archives/edgar/data/107263/000010726325000031/0000107263-25-000031-index.htm,https://www.sec.gov/Archives/edgar/data/107263/000010726325000031/wmb-20241231.htm,utility_only,"nterstate commerce are subject to regulation. the rates are established primarily through the ferc&#8217;s ratemaking process, but rates may also be negotiated with customers pursuant to the terms of tariffs and ferc policy. williams&#8217; interstate natural gas pipelines transport and store natural gas for a broad mix of customers, including local natural gas distribution companies, public utilities,",
Williams Companies,WMB,107263,Energy,10-Q,2026-05-04,2026-03-31,0000107263-26-000017,0000107263-26-000017:wmb-20260331.htm,10-Q,https://www.sec.gov/Archives/edgar/data/107263/000010726326000017/0000107263-26-000017-index.htm,https://www.sec.gov/Archives/edgar/data/107263/000010726326000017/wmb-20260331.htm,utility_only,"luding transco and nwp, remaining performance obligations generally reflect the expected rates for such services for the life of the related contracts; however, these rates may change based on future tariffs approved by the ferc. remaining performance obligations exclude variable consideration, including contracts with variable consideration for which it has elected the practical expedient for considera",
Williams Companies,WMB,107263,Energy,10-Q,2025-05-05,2025-03-31,0000107263-25-000102,0000107263-25-000102:wmb-20250331.htm,10-Q,https://www.sec.gov/Archives/edgar/data/107263/000010726325000102/0000107263-25-000102-index.htm,https://www.sec.gov/Archives/edgar/data/107263/000010726325000102/wmb-20250331.htm,utility_only,"luding transco and nwp, remaining performance obligations generally reflect the expected rates for such services for the life of the related contracts; however, these rates may change based on future tariffs approved by the ferc and the amount and timing of these changes are not currently known. remaining performance obligations exclude variable consideration, including contracts with variable considera",
Williams Companies,WMB,107263,Energy,10-Q,2025-08-04,2025-06-30,0000107263-25-000123,0000107263-25-000123:wmb-20250630.htm,10-Q,https://www.sec.gov/Archives/edgar/data/107263/000010726325000123/0000107263-25-000123-index.htm,https://www.sec.gov/Archives/edgar/data/107263/000010726325000123/wmb-20250630.htm,utility_only,"luding transco and nwp, remaining performance obligations generally reflect the expected rates for such services for the life of the related contracts; however, these rates may change based on future tariffs approved by the ferc and the amount and timing of these changes are not currently known. remaining performance obligations exclude variable consideration, including contracts with variable considera",
Williams Companies,WMB,107263,Energy,10-Q,2025-11-03,2025-09-30,0000107263-25-000145,0000107263-25-000145:wmb-20250930.htm,10-Q,https://www.sec.gov/Archives/edgar/data/107263/000010726325000145/0000107263-25-000145-index.htm,https://www.sec.gov/Archives/edgar/data/107263/000010726325000145/wmb-20250930.htm,utility_only,"luding transco and nwp, remaining performance obligations generally reflect the expected rates for such services for the life of the related contracts; however, these rates may change based on future tariffs approved by the ferc. remaining performance obligations exclude variable consideration, including contracts with variable consideration for which it has elected the practical expedient for considera",
Xcel Energy,XEL,72903,Utilities,8-K,2025-02-21,2025-02-20,0000072903-25-000025,0000072903-25-000025:xel-20250220.htm,8-K,https://www.sec.gov/Archives/edgar/data/72903/000007290325000025/0000072903-25-000025-index.htm,https://www.sec.gov/Archives/edgar/data/72903/000007290325000025/xel-20250220.htm,utility_only,"llo nuclear plants through the early 2050s. additionally, the mpuc approved life extensions of the red wing and mankato refuse-derived fuel plants to 2037 and ordered nsp-minnesota to file a proposed tariff for customers with super-large load, largely data centers, by july 15, 2025. nsp-minnesota will file additional rfps for approved resource needs beginning in late 2025 or early 2026. certain informat",
Xcel Energy,XEL,72903,Utilities,8-K,2025-04-24,2025-04-24,0000072903-25-000084,0000072903-25-000084:xcelearningsreleaseq12025.htm,EX-99.01,https://www.sec.gov/Archives/edgar/data/72903/000007290325000084/0000072903-25-000084-index.htm,https://www.sec.gov/Archives/edgar/data/72903/000007290325000084/xcelearningsreleaseq12025.htm,utility_only,"land and monticello nuclear plants through the early 2050s. additionally, the mpuc approved life extensions of the red wing and mankato rdf plants to 2037 and ordered nsp-minnesota to file a proposed tariff for customers with super-large load, largely data centers, by july 15, 2025. nsp-minnesota will file additional rfps for approved resource needs beginning in late 2025 or early 2026. nsp-wisconsin &#",
Xcel Energy,XEL,72903,Utilities,8-K,2025-07-31,2025-07-31,0000072903-25-000221,0000072903-25-000221:xcelearningsreleaseq22025.htm,EX-99.01,https://www.sec.gov/Archives/edgar/data/72903/000007290325000221/0000072903-25-000221-index.htm,https://www.sec.gov/Archives/edgar/data/72903/000007290325000221/xcelearningsreleaseq22025.htm,utility_only,"land and monticello nuclear plants through the early 2050s. additionally, the mpuc approved life extensions of the red wing and mankato rdf plants to 2037 and ordered nsp-minnesota to file a proposed tariff for customers with super-large load, largely data centers, which was filed in july 2025. nsp-minnesota will file additional rfps for approved resource needs beginning in late 2025 or early 2026. 11 n",
Alliant Energy,LNT,352541,Utilities,8-K,2026-03-04,2026-03-02,0000352541-26-000009,0000352541-26-000009:lnt030220268-kex101.htm,EX-10.1,https://www.sec.gov/Archives/edgar/data/352541/000035254126000009/0000352541-26-000009-index.htm,https://www.sec.gov/Archives/edgar/data/352541/000035254126000009/lnt030220268-kex101.htm,utility_only,"aring the financial statements referred to in section 5.4, subject to section 1.4. &#8220; governmental approval &#8221; means any authorization, consent, approval, license, franchise, lease, ruling, tariff, rate, permit, certificate, exemption of, or filing or registration with, any governmental authority or other legal or regulatory body. &#8220; governmental authority &#8221; means the government of",
Alliant Energy,LNT,352541,Utilities,8-K,2025-03-03,2025-03-03,0000352541-25-000025,0000352541-25-000025:lnt030320258-kex101.htm,EX-10.1,https://www.sec.gov/Archives/edgar/data/352541/000035254125000025/0000352541-25-000025-index.htm,https://www.sec.gov/Archives/edgar/data/352541/000035254125000025/lnt030320258-kex101.htm,utility_only,"aring the financial statements referred to in section 5.4, subject to section 1.4. &#8220; governmental approval &#8221; means any authorization, consent, approval, license, franchise, lease, ruling, tariff, rate, permit, certificate, exemption of, or filing or registration with, any governmental authority or other legal or regulatory body. &#8220; governmental authority &#8221; means the government of",
Ameren,AEE,1002910,Utilities,8-K,2025-11-24,2025-11-24,0001104659-25-115502,0001104659-25-115502:tm2532033d1_8k.htm,8-K,https://www.sec.gov/Archives/edgar/data/1002910/000110465925115502/0001104659-25-115502-index.htm,https://www.sec.gov/Archives/edgar/data/1002910/000110465925115502/tm2532033d1_8k.htm,utility_only,"oration and union electric company, doing business as ameren missouri (&#8220;ameren missouri&#8221;), for a discussion of ameren missouri&#8217;s request to modify its existing large primary service tariff (the &#8220;large load customer rate plan&#8221;), which was filed with the missouri public service commission (the &#8220;mopsc&#8221;) in may 2025 and updated in november 2025. &#160; on november 2",
American Water Works,AWK,1410636,Utilities,8-K,2026-03-10,2026-03-05,0001410636-26-000056,0001410636-26-000056:exhibit991-westvirginiapre.htm,EX-99.1,https://www.sec.gov/Archives/edgar/data/1410636/000141063626000056/0001410636-26-000056-index.htm,https://www.sec.gov/Archives/edgar/data/1410636/000141063626000056/exhibit991-westvirginiapre.htm,utility_only,proximately $7 per month. the public service commission also introduced an additional customer discount program available to customers enrolled in the special reduced rate residential service (srrrs) tariff. customers on the srrrs tariff will receive an additional 20% discount on the srrrs tariff rate. this will be available in addition to the company&#8217;s h2o help to others program&#8482; and other,
American Water Works,AWK,1410636,Utilities,8-K,2025-05-05,2025-05-05,0001410636-25-000090,0001410636-25-000090:exhibit991-pressreleaseofw.htm,EX-99.1,https://www.sec.gov/Archives/edgar/data/1410636/000141063625000090/0001410636-25-000090-index.htm,https://www.sec.gov/Archives/edgar/data/1410636/000141063625000090/exhibit991-pressreleaseofw.htm,utility_only,"onth in the second step after factoring in the current wastewater system improvement charge (wsic) already included on customer bills. the company is also proposing a universal affordability discount tariff that seeks to assist residential customers who meet income qualifications. the four-tiered proposal would tailor rates to various levels of household income. under this proposed tariff, eligible hous",
American Water Works,AWK,1410636,Utilities,8-K,2025-10-29,2025-10-29,0001193125-25-256430,0001193125-25-256430:d938104dex992.htm,EX-99.2,https://www.sec.gov/Archives/edgar/data/1410636/000119312525256430/0001193125-25-256430-index.htm,https://www.sec.gov/Archives/edgar/data/1410636/000119312525256430/d938104dex992.htm,utility_only,dual wins for awk &amp; u.s. 0 marine corps 13 marine corps 27 state legislation &amp; regulation enable growth hybrid future fair consolidated infrastructure affordability test year test year value tariff mechanism tariffs/programs ca mo md ca mo ca mo ca mo ia nj hi ky nj ia nj ia nj ia nj il pa ia pa wv il pa il pa il pa in tn il tn in va in va in tn ky va in va ky wv ky wv ky va mo wv md md md wv 1,
CenterPoint Energy,CNP,1130310,Utilities,8-K,2025-07-01,2025-07-01,0001130310-25-000105,0001130310-25-000105:exhibit101bondpurchaseag.htm,EX-10.1,https://www.sec.gov/Archives/edgar/data/1130310/000113031025000105/0001130310-25-000105-index.htm,https://www.sec.gov/Archives/edgar/data/1130310/000113031025000105/exhibit101bondpurchaseag.htm,utility_only,"r other debt securities issued to securitize the intangible regulatory assets and related rights of the company or any of its subsidiaries arising pursuant to regulatory approval of a special utility tariff or similar revenue stream to recover costs such as the costs of, or related to, removal, restoration, repair or early retirement of facilities and &nbsp; a-8 other assets, excess fuel costs, other un",
CenterPoint Energy,CNP,1130310,Utilities,8-K,2025-10-21,2025-10-20,0001193125-25-245197,0001193125-25-245197:d921256dex21.htm,EX-2.1,https://www.sec.gov/Archives/edgar/data/1130310/000119312525245197/0001193125-25-245197-index.htm,https://www.sec.gov/Archives/edgar/data/1130310/000119312525245197/d921256dex21.htm,utility_only,"means generally accepted accounting principles in the united states of america. &nbsp; - 5 - &#8220; governmental approval &#8221; means any authorization, consent, approval, license, ruling, permit, tariff, rate, certification, exemption, filing, variance, order, judgment, decree, publication, notice to, declaration of or registration by or with any governmental authority. &#8220; governmental authorit",
Constellation Energy,CEG,1868275,Utilities,8-K,2025-01-13,2025-01-10,0001868275-25-000011,0001868275-25-000011:ceg-202501138kexh21.htm,EX-2.1,https://www.sec.gov/Archives/edgar/data/1868275/000186827525000011/0001868275-25-000011-index.htm,https://www.sec.gov/Archives/edgar/data/1868275/000186827525000011/ceg-202501138kexh21.htm,utility_only,"-of-pocket expenses and reasonable attorneys&#8217; and accountants&#8217; fees incurred in the investigation or defense of any of the same. &#8220;market rules and procedures&#8221; means all rules, tariff provisions, standards, procedures, manuals, business practices or similar documentation and all associated obligations, as such may be amended or modified from time to time, that are applied by any s",
DTE Energy,DTE,936340,Utilities,8-K,2025-01-07,2025-01-07,0000936340-25-000007,0000936340-25-000007:evercoreisipresentationf.htm,EX-99.01,https://www.sec.gov/Archives/edgar/data/936340/000093634025000007/0000936340-25-000007-index.htm,https://www.sec.gov/Archives/edgar/data/936340/000093634025000007/evercoreisipresentationf.htm,utility_only,"rs ~2,500 mw subscribed &#8226; allows customers to attribute up to 100% of electricity use to renewable sources &#8226; recognized by national renewable energy laboratory as having the largest green tariff program in the country, fulfilling more load under contracted subscriptions than any other program &#8226; two largest renewable energy purchases from a utility announced with ford motor company and",
DTE Energy,DTE,936340,Utilities,8-K,2025-02-28,2025-02-28,0000936340-25-000076,0000936340-25-000076:dtegasexhibit991123124.htm,EX-99.1,https://www.sec.gov/Archives/edgar/data/936340/000093634025000076/0000936340-25-000076-index.htm,https://www.sec.gov/Archives/edgar/data/936340/000093634025000076/dtegasexhibit991123124.htm,utility_only,ed unbilled amounts recognized in revenue are subject to adjustment in the following reporting period as actual volumes by customer class and service type are known. revenues are typically subject to tariff rates or other rates subject to regulatory oversight and are billed and received monthly. tariff rates are determined by the mpsc on a per unit or monthly basis. transaction price allocated to the re,
Entergy,ETR,65984,Utilities,8-K,2025-10-03,2025-10-01,0000065984-25-000118,0000065984-25-000118:a02225exhibit-105upsa.htm,EX-1.05,https://www.sec.gov/Archives/edgar/data/65984/000006598425000118/0000065984-25-000118-index.htm,https://www.sec.gov/Archives/edgar/data/65984/000006598425000118/a02225exhibit-105upsa.htm,utility_only,"s agreement to reflect prior life of unit designated purchase power agreements under which eal sold a total of 6.95% of its entitlement to system energy&#8217;s capacity and energy in order to reduce tariff administrative burdens&#59; now, therefore, system energy and the purchasers mutually understand and agree as follows&#58; 1.1&#160;&#160;&#160;&#160;system energy shall, subject to the terms and con",
Exelon,EXC,1109357,Utilities,8-K,2025-02-12,2025-02-12,0001109357-25-000041,0001109357-25-000041:exc-20250212ex992.htm,EX-99.2,https://www.sec.gov/Archives/edgar/data/1109357/000110935725000041/0001109357-25-000041-index.htm,https://www.sec.gov/Archives/edgar/data/1109357/000110935725000041/exc-20250212ex992.htm,utility_only,"arnings call; forecast for 2025-2028e as of q4 2024 earnings call. (2) other includes comed&#8217;s long-term regulatory assets (energy efficiency &amp; solar rebate program) recovered under separate tariffs, which earn a full authorized rate of return. see note 3 &#8211; regulatory matters in 2024 10-k for additional detail. exelon&#8217;s $38.0b low-risk capital plan from 2025 to 2028 results in expec",
NiSource,NI,1111711,Utilities,10-Q,2025-10-29,2025-09-30,0001111711-25-000055,0001111711-25-000055:ni-ex101x20250930.htm,EX-10.1,https://www.sec.gov/Archives/edgar/data/1111711/000111171125000055/0001111711-25-000055-index.htm,https://www.sec.gov/Archives/edgar/data/1111711/000111171125000055/ni-ex101x20250930.htm,utility_only,"rformance of, or compliance with, any obligations arising under any &#8220;special contract&#8221; entered into by nipsco and a large load or hyperscale customer or similar arrangement (including any tariff), which in each case are as submitted to the iurc and&#47;or otherwise consistent with applicable law at such time, 14 exhibit 10.1 including any applicable iurc rules and regulations and, in each ca",
NiSource,NI,1111711,Utilities,10-Q,2025-05-07,2025-03-31,0001111711-25-000020,0001111711-25-000020:nix-20250331.htm,10-Q,https://www.sec.gov/Archives/edgar/data/1111711/000111171125000020/0001111711-25-000020-index.htm,https://www.sec.gov/Archives/edgar/data/1111711/000111171125000020/nix-20250331.htm,utility_only,"8226; the outcome of legal and regulatory proceedings, investigations, incidents, claims and litigation; &#8226; compliance with changes in, or new interpretations of applicable laws, regulations and tariffs, including impacts of state and federal orders on our ability to carry out our business plan and growth strategy; &#8226; the cost of compliance with environmental laws and regulations and the costs",
NiSource,NI,1111711,Utilities,10-Q,2025-08-06,2025-06-30,0001111711-25-000036,0001111711-25-000036:nix-20250630.htm,10-Q,https://www.sec.gov/Archives/edgar/data/1111711/000111171125000036/0001111711-25-000036-index.htm,https://www.sec.gov/Archives/edgar/data/1111711/000111171125000036/nix-20250630.htm,utility_only,"8226; the outcome of legal and regulatory proceedings, investigations, incidents, claims and litigation; &#8226; compliance with changes in, or new interpretations of applicable laws, regulations and tariffs, including impacts of state and federal orders on our ability to carry out our business plan and growth strategy; &#8226; the cost of compliance with environmental laws and regulations and the costs",
NiSource,NI,1111711,Utilities,10-K,2026-02-11,2025-12-31,0001111711-26-000027,0001111711-26-000027:ni-ex1017x20251231.htm,EX-10.17,https://www.sec.gov/Archives/edgar/data/1111711/000111171126000027/0001111711-26-000027-index.htm,https://www.sec.gov/Archives/edgar/data/1111711/000111171126000027/ni-ex1017x20251231.htm,utility_only,"rformance of, or compliance with, any obligations arising under any &#8220;special contract&#8221; entered into by nipsco and a large load or hyperscale customer or similar arrangement (including any tariff), which in each case are as submitted to the iurc and&#47;or otherwise consistent with applicable law at such time, including any applicable iurc rules and regulations and, in each case, which are on",
Norfolk Southern,NSC,702165,Industrials,10-Q,2026-07-23,2026-06-30,0001628280-26-049326,0001628280-26-049326:nsc-20260630.htm,10-Q,https://www.sec.gov/Archives/edgar/data/702165/000162828026049326/0001628280-26-049326-index.htm,https://www.sec.gov/Archives/edgar/data/702165/000162828026049326/nsc-20260630.htm,utility_only,"f revenues to which we expect to be entitled for the transfer of promised goods or services to customers. a performance obligation is created when a customer under a transportation contract or public tariff submits a bill of lading to us for the transport of goods. these performance obligations are satisfied as the shipments move from origin to destination. as such, transportation revenues are recognize",
Norfolk Southern,NSC,702165,Industrials,10-Q,2025-07-29,2025-06-30,0000702165-25-000028,0000702165-25-000028:nsc-20250630.htm,10-Q,https://www.sec.gov/Archives/edgar/data/702165/000070216525000028/0000702165-25-000028-index.htm,https://www.sec.gov/Archives/edgar/data/702165/000070216525000028/nsc-20250630.htm,utility_only,"f revenues to which we expect to be entitled for the transfer of promised goods or services to customers. a performance obligation is created when a customer under a transportation contract or public tariff submits a bill of lading to us for the transport of goods. these performance obligations are satisfied as the shipments move from origin to destination. as such, transportation revenues are recognize",
Norfolk Southern,NSC,702165,Industrials,10-Q,2025-10-23,2025-09-30,0001628280-25-046128,0001628280-25-046128:nsc-20250930.htm,10-Q,https://www.sec.gov/Archives/edgar/data/702165/000162828025046128/0001628280-25-046128-index.htm,https://www.sec.gov/Archives/edgar/data/702165/000162828025046128/nsc-20250930.htm,utility_only,"f revenues to which we expect to be entitled for the transfer of promised goods or services to customers. a performance obligation is created when a customer under a transportation contract or public tariff submits a bill of lading to us for the transport of goods. these performance obligations are satisfied as the shipments move from origin to destination. as such, transportation revenues are recognize",
NRG Energy,NRG,1013871,Utilities,10-Q,2025-08-06,2025-06-30,0001013871-25-000020,0001013871-25-000020:exhibit103nrgamendmentno5t.htm,EX-10.3,https://www.sec.gov/Archives/edgar/data/1013871/000101387125000020/0001013871-25-000020-index.htm,https://www.sec.gov/Archives/edgar/data/1013871/000101387125000020/exhibit103nrgamendmentno5t.htm,utility_only,"limited liability company powers, have been duly authorized by all necessary limited liability company action and do not contravene or constitute a default (i) under any provision of applicable law, tariff or regulation, (ii) of the borrower&#8217;s certificate of formation or limited liability company agreement or (iii) of any agreement, judgment, injunction, decree or other instrument binding upon th",
NRG Energy,NRG,1013871,Utilities,8-K,2026-03-04,2026-02-27,0001104659-26-023570,0001104659-26-023570:tm267426d5_1-1.htm,EX-1.1,https://www.sec.gov/Archives/edgar/data/1013871/000110465926023570/0001104659-26-023570-index.htm,https://www.sec.gov/Archives/edgar/data/1013871/000110465926023570/tm267426d5_1-1.htm,utility_only,"pplicable in the industry (i)&nbsp;authorizing such subsidiary to engage in wholesale sales of energy, capacity and certain ancillary services and, to the extent permitted under its market-based rate tariff, other transactions, at market-based rates and (ii)&nbsp;granting such waivers and blanket authorizations as are customarily granted to entities with market-based rate authority, including blanket au",
NRG Energy,NRG,1013871,Utilities,8-K,2026-04-28,2026-04-28,0001104659-26-050486,0001104659-26-050486:tm2612875d4_ex10-1.htm,EX-10.1,https://www.sec.gov/Archives/edgar/data/1013871/000110465926050486/0001104659-26-050486-index.htm,https://www.sec.gov/Archives/edgar/data/1013871/000110465926050486/tm2612875d4_ex10-1.htm,utility_only,"y applicable in the industry: (x)&nbsp;authorizing it to engage in wholesale sales of electric energy, capacity and certain ancillary services and, to the extent permitted under its market-based rate tariff, other transactions at market-based rates and (y)&nbsp;granting such waivers and blanket authorizations as are customarily granted to entities with market-based rate authority, including blanket auth",
NRG Energy,NRG,1013871,Utilities,10-K,2025-02-26,2024-12-31,0001013871-25-000006,0001013871-25-000006:exhibit103513thamendmentan.htm,EX-10.35,https://www.sec.gov/Archives/edgar/data/1013871/000101387125000006/0001013871-25-000006-index.htm,https://www.sec.gov/Archives/edgar/data/1013871/000101387125000006/exhibit103513thamendmentan.htm,utility_only,"ly applicable in the industry&#58; (x) authorizing it to engage in wholesale sales of electric energy, capacity and certain ancillary services and, to the extent permitted under its market-based rate tariff, other transactions at market-based rates and (y) granting such waivers and blanket authorizations as are customarily granted to entities with market-based rate authority, including blanket authoriza",
NRG Energy,NRG,1013871,Utilities,8-K,2025-07-25,2025-07-22,0001104659-25-070834,0001104659-25-070834:tm2521733d1_ex10-1.htm,EX-10.1,https://www.sec.gov/Archives/edgar/data/1013871/000110465925070834/0001104659-25-070834-index.htm,https://www.sec.gov/Archives/edgar/data/1013871/000110465925070834/tm2521733d1_ex10-1.htm,utility_only,"y applicable in the industry: (x)&nbsp;authorizing it to engage in wholesale sales of electric energy, capacity and certain ancillary services and, to the extent permitted under its market-based rate tariff, other transactions at market-based rates and (y)&nbsp;granting such waivers and blanket authorizations as are customarily granted to entities with market-based rate authority, including blanket auth",
NRG Energy,NRG,1013871,Utilities,10-Q,2025-08-06,2025-06-30,0001013871-25-000020,0001013871-25-000020:exhibit101-fourteenthamend.htm,EX-10.1,https://www.sec.gov/Archives/edgar/data/1013871/000101387125000020/0001013871-25-000020-index.htm,https://www.sec.gov/Archives/edgar/data/1013871/000101387125000020/exhibit101-fourteenthamend.htm,utility_only,"ly applicable in the industry&#58; (x) authorizing it to engage in wholesale sales of electric energy, capacity and certain ancillary services and, to the extent permitted under its market-based rate tariff, other transactions at market-based rates and (y) granting such waivers and blanket authorizations as are customarily granted to entities with market-based rate authority, including blanket authoriza",
Oneok,OKE,1039684,Energy,8-K,2025-02-24,2025-02-24,0001039684-25-000026,0001039684-25-000026:okeq42024earningsrelease.htm,EX-99.1,https://www.sec.gov/Archives/edgar/data/1039684/000103968425000026/0001039684-25-000026-index.htm,https://www.sec.gov/Archives/edgar/data/1039684/000103968425000026/okeq42024earningsrelease.htm,utility_only,"nue; &#8226; a $73 million increase due to adjusted ebitda from medallion and enlink; and &#8226; a $39 million increase in transportation and storage due primarily to higher average refined products tariff rates; offset by &#8226; a $38 million increase in operating costs due primarily to higher employee-related costs. the increase in adjusted ebitda for the full year 2024, compared with 2023, primaril",
Oneok,OKE,1039684,Energy,8-K,2025-02-20,2025-02-14,0001213900-25-015669,0001213900-25-015669:ea023115801ex10-1_oneok.htm,EX-10.1,https://www.sec.gov/Archives/edgar/data/1039684/000121390025015669/0001213900-25-015669-index.htm,https://www.sec.gov/Archives/edgar/data/1039684/000121390025015669/ea023115801ex10-1_oneok.htm,utility_only,"tributable to such material project for the twelve month period following the scheduled commercial operation date of such material project (such amount to be determined based on customer contracts or tariff-based customers relating to such material project, the creditworthiness of the other parties to such contracts or such tariff-based customers and projected revenues from such contracts, tariffs, capi",
Pinnacle West Capital,PNW,764622,Utilities,10-Q,2025-05-01,2025-03-31,0000764622-25-000047,0000764622-25-000047:pnw-20250331.htm,10-Q,https://www.sec.gov/Archives/edgar/data/764622/000076462225000047/0000764622-25-000047-index.htm,https://www.sec.gov/Archives/edgar/data/764622/000076462225000047/pnw-20250331.htm,utility_only,ber 2021-11-02 0000764622 pnw:arizonacorporationcommissionmember pnw:coalcommunitytransitionplanmember pnw:navajonationhopireservationmember 2021-11-02 0000764622 pnw:arizonarenewableenergystandardandtariffmember pnw:arizonapublicservicecompanymember pnw:arizonacorporationcommissionmember 2025-01-01 2025-03-31 0000764622 pnw:arizonarenewableenergystandardandtariff2018member pnw:arizonapublicservicecompa,
Pinnacle West Capital,PNW,764622,Utilities,10-Q,2026-05-04,2026-03-31,0000764622-26-000025,0000764622-26-000025:pnw-20260331.htm,10-Q,https://www.sec.gov/Archives/edgar/data/764622/000076462226000025/0000764622-26-000025-index.htm,https://www.sec.gov/Archives/edgar/data/764622/000076462226000025/pnw-20260331.htm,utility_only,764622 pnw:ratecasefilingwitharizonacorporationcommissionmember pnw:arizonapublicservicecompanymember pnw:arizonacorporationcommissionmember 2024-02-22 0000764622 pnw:arizonarenewableenergystandardandtariffmember pnw:arizonapublicservicecompanymember pnw:arizonacorporationcommissionmember 2026-01-01 2026-03-31 0000764622 pnw:arizonarenewableenergystandardandtariff2018member pnw:arizonapublicservicecompa,
Pinnacle West Capital,PNW,764622,Utilities,10-K,2025-02-25,2024-12-31,0000764622-25-000023,0000764622-25-000023:pnw-20241231.htm,10-K,https://www.sec.gov/Archives/edgar/data/764622/000076462225000023/0000764622-25-000023-index.htm,https://www.sec.gov/Archives/edgar/data/764622/000076462225000023/pnw-20241231.htm,utility_only,onapublicservicecompanymember pnw:arizonacorporationcommissionmember pnw:coalcommunitytransitionplanmember pnw:navajonationreservationmember 2023-06-14 0000764622 pnw:arizonarenewableenergystandardandtariffmember pnw:arizonapublicservicecompanymember pnw:arizonacorporationcommissionmember 2024-01-01 2024-12-31 0000764622 pnw:arizonarenewableenergystandardandtariff2018member pnw:arizonapublicservicecompa,
Pinnacle West Capital,PNW,764622,Utilities,10-Q,2025-08-06,2025-06-30,0000764622-25-000072,0000764622-25-000072:pnw-20250630.htm,10-Q,https://www.sec.gov/Archives/edgar/data/764622/000076462225000072/0000764622-25-000072-index.htm,https://www.sec.gov/Archives/edgar/data/764622/000076462225000072/pnw-20250630.htm,utility_only,ber 2019-10-31 0000764622 pnw:navajonationhopireservationmember pnw:coalcommunitytransitionplanmember pnw:arizonacorporationcommissionmember 2019-10-31 0000764622 pnw:arizonarenewableenergystandardandtariffmember pnw:arizonapublicservicecompanymember pnw:arizonacorporationcommissionmember 2025-01-01 2025-06-30 0000764622 pnw:arizonarenewableenergystandardandtariff2018member pnw:arizonapublicservicecompa,
Pinnacle West Capital,PNW,764622,Utilities,10-Q,2025-11-03,2025-09-30,0000764622-25-000087,0000764622-25-000087:pnw-20250930.htm,10-Q,https://www.sec.gov/Archives/edgar/data/764622/000076462225000087/0000764622-25-000087-index.htm,https://www.sec.gov/Archives/edgar/data/764622/000076462225000087/pnw-20250930.htm,utility_only,764622 pnw:ratecasefilingwitharizonacorporationcommissionmember pnw:arizonapublicservicecompanymember pnw:arizonacorporationcommissionmember 2024-02-22 0000764622 pnw:arizonarenewableenergystandardandtariffmember pnw:arizonapublicservicecompanymember pnw:arizonacorporationcommissionmember 2025-01-01 2025-09-30 0000764622 pnw:arizonarenewableenergystandardandtariff2018member pnw:arizonapublicservicecompa,
Pinnacle West Capital,PNW,764622,Utilities,10-K,2026-02-25,2025-12-31,0000764622-26-000011,0000764622-26-000011:pnw-20251231.htm,10-K,https://www.sec.gov/Archives/edgar/data/764622/000076462226000011/0000764622-26-000011-index.htm,https://www.sec.gov/Archives/edgar/data/764622/000076462226000011/pnw-20251231.htm,utility_only,764622 pnw:ratecasefilingwitharizonacorporationcommissionmember pnw:arizonapublicservicecompanymember pnw:arizonacorporationcommissionmember 2024-02-22 0000764622 pnw:arizonarenewableenergystandardandtariffmember pnw:arizonapublicservicecompanymember pnw:arizonacorporationcommissionmember 2025-01-01 2025-12-31 0000764622 pnw:arizonarenewableenergystandardandtariff2018member pnw:arizonapublicservicecompa,
PPL Corporation,PPL,922224,Utilities,8-K,2026-03-13,2026-03-13,0000922224-26-000020,0000922224-26-000020:ppl-03132026exhibit991.htm,EX-99.1,https://www.sec.gov/Archives/edgar/data/922224/000092222426000020/0000922224-26-000020-index.htm,https://www.sec.gov/Archives/edgar/data/922224/000092222426000020/ppl-03132026exhibit991.htm,utility_only,"ng small businesses by mitigating cost impacts of net-metered distributed generation and providing flexible payment options. &#8226; creating a new large load customer rate class and electric service tariff with a 10-year load and financial commitment. this new rate class will provide $11 million in support for the residential low-income program, helping reduce costs for residential customers, and inclu",
PPL Corporation,PPL,922224,Utilities,8-K,2025-02-28,2025-02-28,0000922224-25-000011,0000922224-25-000011:ppl-20250228.htm,8-K,https://www.sec.gov/Archives/edgar/data/922224/000092222425000011/0000922224-25-000011-index.htm,https://www.sec.gov/Archives/edgar/data/922224/000092222425000011/ppl-20250228.htm,utility_only,"owned by lg&amp;e and ku in respective 32% and 68% shares, with actual project costs allocated consistent with the companies' ultimate ownership shares and existing shared dispatch, cost allocation, tariff or other frameworks. the proposed mill creek ngcc is in addition to a new ngcc generating unit currently under construction at that location. the filing also notes projected in service dates for the",
PPL Corporation,PPL,922224,Utilities,8-K,2026-02-17,2026-02-16,0000922224-26-000004,0000922224-26-000004:ppl-20260216.htm,8-K,https://www.sec.gov/Archives/edgar/data/922224/000092222426000004/0000922224-26-000004-index.htm,https://www.sec.gov/Archives/edgar/data/922224/000092222426000004/ppl-20260216.htm,utility_only,"uity of 9.775% for base rate purposes and 9.675% for capital rate adjustment mechanisms. the kpsc orders approve the companies' requests for establishment of certain new rate adjustment mechanisms or tariffs, with modifications; &#8226; a temporary pilot generation recovery adjustment clause (""adjustment clause pgr"") to provide recovery and return on investment of applicable costs of certain new generat",
Southern Company,SO,92122,Utilities,10-K,2025-02-20,2024-12-31,0000092122-25-000018,0000092122-25-000018:so-20241231.htm,10-K,https://www.sec.gov/Archives/edgar/data/92122/000009212225000018/0000092122-25-000018-index.htm,https://www.sec.gov/Archives/edgar/data/92122/000009212225000018/so-20241231.htm,utility_only,-04-11 0000092122 so:mississippipowermember so:cooperativeenergymember 2022-08-31 0000092122 so:mississippipowermember so:cooperativeenergymember 2024-12-31 0000092122 so:municipalandruralassociationstariffmember so:mississippipowermember 2022-07-01 2022-07-31 0000092122 so:municipalandruralassociationstariffmember so:mississippipowermember 2023-07-31 2023-07-31 0000092122 so:municipalandruralassociatio,
Williams Companies,WMB,107263,Energy,8-K,2026-05-20,2026-05-20,0001193125-26-232714,0001193125-26-232714:d227957dex102.htm,EX-10.2,https://www.sec.gov/Archives/edgar/data/107263/000119312526232714/0001193125-26-232714-index.htm,https://www.sec.gov/Archives/edgar/data/107263/000119312526232714/d227957dex102.htm,utility_only,"ibutable to such material project for the first 12-month period following the scheduled commercial operation date of such material project (such amount to be determined based on customer contracts or tariff-based customers relating to such material project, the creditworthiness of the other parties to such contracts or such tariff-based customers, and projected revenues from such contracts, tariffs, cap",
Williams Companies,WMB,107263,Energy,8-K,2026-05-20,2026-05-20,0001193125-26-232714,0001193125-26-232714:d227957dex101.htm,EX-10.1,https://www.sec.gov/Archives/edgar/data/107263/000119312526232714/0001193125-26-232714-index.htm,https://www.sec.gov/Archives/edgar/data/107263/000119312526232714/d227957dex101.htm,utility_only,"ibutable to such material project for the first 12-month period following the scheduled commercial operation date of such material project (such amount to be determined based on customer contracts or tariff-based customers relating to such material project, the creditworthiness of the other parties to such contracts or such tariff-based customers, and projected revenues from such contracts, tariffs, cap",
Xcel Energy,XEL,72903,Utilities,8-K,2025-04-01,2025-03-31,0000072903-25-000070,0000072903-25-000070:xel-20250331.htm,8-K,https://www.sec.gov/Archives/edgar/data/72903/000007290325000070/0000072903-25-000070-index.htm,https://www.sec.gov/Archives/edgar/data/72903/000007290325000070/xel-20250331.htm,utility_only,"30&#160; 10&#160; sales 18&#160; (1) other (1) (2) nsp-wisconsin&#8217;s filed rate request $ 151&#160; $ 24&#160; (a) the interchange agreement is a federal energy regulatory commission cost sharing tariff under which nsp-wisconsin and its affiliate, nsp-minnesota allocate the costs of the integrated electric generation and transmission system. certain information discussed in this current report on fo",
Atmos Energy,ATO,731802,Utilities,10-Q,2025-02-04,2024-12-31,0000731802-25-000006,0000731802-25-000006:ato-20241231.htm,10-Q,https://www.sec.gov/Archives/edgar/data/731802/000073180225000006/0000731802-25-000006-index.htm,https://www.sec.gov/Archives/edgar/data/731802/000073180225000006/ato-20241231.htm,trade,023-12-31 0000731802 us-gaap:accumulatednetunrealizedinvestmentgainlossmember 2023-12-31 0000731802 us-gaap:accumulatedgainlossnetcashflowhedgeparentmember 2023-12-31 0000731802 ato:securitizedutilitytariffbondsmember us-gaap:variableinterestentityprimarybeneficiarymember us-gaap:seniornotesmember 2023-06-30 0000731802 us-gaap:variableinterestentityprimarybeneficiarymember 2024-12-31 0000731802 us-gaap:,"Original trade-signal match was XBRL inline-tag metadata (us-gaap/ato: tag names), not substantive prose; actual content is utility bond securitization (""securitized utility tariff bonds""), not trade tariffs. Found during manual review of the realized-classification bucket, 2026-07-25."
